worker_id,assignments_done,items_done,controls_done,controls_correct,control_accuracy,median_duration_sec,mean_duration_sec,yes_count,no_count,not_working_count,yes_share,no_share,not_working_share,quality_segment
0004d411-9263-4be6-9e6e-9837c4bfdd03,8,80,16,12,0.75,652.5,648.125,42,31,7,0.525,0.3875,0.0875,risky
0020c33c-484f-4ec0-a41a-36983540d513,4,40,8,6,0.75,535.0,598.5,30,10,0,0.75,0.25,0.0,risky
002c709a-df54-4c9c-b45e-8161c708081b,6,60,12,9,0.75,320.0,330.0,28,18,14,0.4666666666666667,0.3,0.23333333333333334,risky
003e73b9-6361-4512-8519-1a7d8d2ac440,14,138,14,10,0.7142857142857143,498.0,539.6666666666666,78,52,8,0.5652173913043478,0.37681159420289856,0.057971014492753624,risky
00629c22-23bb-4367-99e2-978a639acd78,15,150,16,12,0.75,438.0,507.6,67,81,2,0.44666666666666666,0.54,0.013333333333333334,risky
0063ae48-2a7f-4082-8a3e-189f05edc040,31,310,62,51,0.8225806451612904,285.0,324.0,141,159,10,0.45483870967741935,0.5129032258064516,0.03225806451612903,risky
00654f90-0c88-4e81-a30d-ed5cedf231e1,4,40,4,1,0.25,468.5,475.75,23,14,3,0.575,0.35,0.075,unknown_low_controls
0082e5b5-227a-4de2-b49c-e33b7321493b,8,80,8,4,0.5,705.0,759.25,53,20,7,0.6625,0.25,0.0875,bad
0085653d-674b-4af7-8bee-019a6ceccf38,7,70,14,10,0.7142857142857143,150.0,134.57142857142858,44,24,2,0.6285714285714286,0.34285714285714286,0.02857142857142857,risky
00a85386-39d3-4209-b0ce-8aee97bd882d,3,30,6,3,0.5,271.0,247.0,21,8,1,0.7,0.26666666666666666,0.03333333333333333,bad
00fc8f61-617f-46ef-ab69-b6d625fdcc8a,8,80,16,12,0.75,447.0,490.75,32,40,8,0.4,0.5,0.1,risky
010d36d0-24f6-45ec-966f-0593ea82408d,3,30,5,3,0.6,482.0,509.3333333333333,17,12,1,0.5666666666666667,0.4,0.03333333333333333,bad
012829cd-ab3a-4d8a-8d1c-cda2145cf8de,5,50,10,6,0.6,234.0,254.0,24,22,4,0.48,0.44,0.08,bad
0139d45e-fd20-4329-a7d4-da831c43fe18,7,70,14,10,0.7142857142857143,259.0,263.42857142857144,33,36,1,0.4714285714285714,0.5142857142857142,0.014285714285714285,risky
0143703f-0ac7-497c-b736-b675748603cd,1,10,1,0,0.0,23.0,23.0,9,1,0,0.9,0.1,0.0,unknown_low_controls
0157093d-0ea5-41aa-b7c1-3e39eff5eeca,10,100,10,6,0.6,732.5,723.1,55,36,9,0.55,0.36,0.09,bad
017ca71e-b2f5-473d-a0b5-2010fdcbb9f3,16,125,19,15,0.7894736842105263,209.0,226.88,58,62,5,0.464,0.496,0.04,risky
019d9ab1-4d66-4af0-a230-599d825a1286,11,110,13,9,0.6923076923076923,285.0,317.45454545454544,61,40,9,0.5545454545454546,0.36363636363636365,0.08181818181818182,risky
01b02935-2460-44bd-94d8-42ddc606f677,11,55,11,7,0.6363636363636364,63.0,92.27272727272727,32,22,1,0.5818181818181818,0.4,0.01818181818181818,bad
01ba9ec6-8468-4dd0-9e9e-64f694f7a141,5,50,5,3,0.6,1314.0,1090.6,22,23,5,0.44,0.46,0.1,bad
01bbef59-c081-4e94-8cfe-b495505d5343,5,50,8,5,0.625,243.0,235.6,11,34,5,0.22,0.68,0.1,bad
01c0532a-cb6a-4cd5-9871-f194ad29f3e0,9,90,9,5,0.5555555555555556,322.0,327.3333333333333,41,42,7,0.45555555555555555,0.4666666666666667,0.07777777777777778,bad
01f51fd8-180e-4ee2-bada-e3977954d1b8,10,50,10,8,0.8,202.0,223.8,25,24,1,0.5,0.48,0.02,risky
0205b3ce-81e9-42c9-80e0-a367c6dc53db,10,100,20,16,0.8,144.5,252.3,47,42,11,0.47,0.42,0.11,risky
025e82ef-e2ad-471b-976e-f5204b623093,10,100,10,7,0.7,350.5,371.1,53,41,6,0.53,0.41,0.06,risky
0285b1a8-2a0b-4a9f-9043-f766b85c95ad,9,90,18,13,0.7222222222222222,308.0,302.3333333333333,52,32,6,0.5777777777777777,0.35555555555555557,0.06666666666666667,risky
02b829b2-82df-472e-a62f-748d72c20929,3,30,6,3,0.5,577.0,742.3333333333334,21,8,1,0.7,0.26666666666666666,0.03333333333333333,bad
02be8b4b-78eb-4da7-aacc-8f06846a5266,6,60,12,7,0.5833333333333334,572.5,579.8333333333334,37,17,6,0.6166666666666667,0.2833333333333333,0.1,bad
02c44798-8a02-4395-a3ab-856838c0ef84,12,116,12,8,0.6666666666666666,250.0,253.32758620689654,52,59,5,0.4482758620689655,0.5086206896551724,0.04310344827586207,risky
02d2c91f-7094-4f34-a21b-ae3b4d332997,25,250,39,33,0.8461538461538461,391.0,438.32,136,103,11,0.544,0.412,0.044,risky
02e5ef5e-c59f-4231-8405-65302248b464,2,20,4,2,0.5,1093.0,1093.0,15,5,0,0.75,0.25,0.0,unknown_low_controls
02e792e4-ba43-423e-bdde-06560471f52b,19,190,20,16,0.8,343.0,358.7368421052632,113,69,8,0.5947368421052631,0.3631578947368421,0.042105263157894736,risky
02ef3619-840d-4f4e-8f72-4ee9a360a002,4,40,4,3,0.75,566.5,556.25,17,21,2,0.425,0.525,0.05,unknown_low_controls
02f16a00-43e5-4ad4-ad72-8964229bd300,3,30,3,1,0.3333333333333333,509.0,652.6666666666666,18,11,1,0.6,0.36666666666666664,0.03333333333333333,unknown_low_controls
031e332c-0b46-47ca-98a5-225028857837,5,50,10,6,0.6,276.0,273.2,31,13,6,0.62,0.26,0.12,bad
03391a1a-0a8d-415e-bb3d-7700e563983f,15,150,15,11,0.7333333333333333,748.0,702.6666666666666,92,54,4,0.6133333333333333,0.36,0.02666666666666667,risky
034ad997-20cf-4c3d-975d-993b8ad1b9b4,5,50,10,6,0.6,317.0,312.4,28,22,0,0.56,0.44,0.0,bad
035da7e6-9334-43db-bdd3-7ff3de7c7b10,12,120,24,18,0.75,329.0,367.4166666666667,64,54,2,0.5333333333333333,0.45,0.016666666666666666,risky
03e2dad9-f0a6-43cf-b856-6d7723af8d3e,16,160,32,28,0.875,402.5,440.0625,65,84,11,0.40625,0.525,0.06875,good
042678ae-5f3c-4f98-b38c-f0a6437ce8b9,8,80,8,5,0.625,590.0,623.0,43,35,2,0.5375,0.4375,0.025,bad
0438d785-bcbb-4003-9c71-47abf10436f9,4,40,4,2,0.5,556.5,541.75,20,19,1,0.5,0.475,0.025,unknown_low_controls
043ddbce-7d48-472e-94aa-6e122ba997de,8,40,8,4,0.5,144.5,217.875,19,16,5,0.475,0.4,0.125,bad
043de6a1-fc68-490d-9471-be222129c4ed,3,30,6,4,0.6666666666666666,505.0,493.3333333333333,12,17,1,0.4,0.5666666666666667,0.03333333333333333,risky
046b0333-4cb0-40f8-aa72-e0fcaa775682,10,100,20,16,0.8,574.5,598.2,44,49,7,0.44,0.49,0.07,risky
04aef9bb-4a5a-450e-9d52-e79343d6b2ba,6,60,12,7,0.5833333333333334,705.0,832.5,33,26,1,0.55,0.43333333333333335,0.016666666666666666,bad
04c57bc3-0cd3-48be-a427-dbf0347ed27b,11,107,11,8,0.7272727272727273,353.0,394.02803738317755,59,42,6,0.5514018691588785,0.3925233644859813,0.056074766355140186,risky
04de293b-6608-493b-8507-d95845950324,2,20,4,2,0.5,255.0,255.0,12,7,1,0.6,0.35,0.05,unknown_low_controls
052682f7-e763-4050-b043-2c07c94868f4,15,150,17,13,0.7647058823529411,733.0,828.7333333333333,58,82,10,0.38666666666666666,0.5466666666666666,0.06666666666666667,risky
054fd592-613d-4186-8882-abdebac4d909,12,60,12,8,0.6666666666666666,269.0,328.25,29,28,3,0.48333333333333334,0.4666666666666667,0.05,risky
0570fc6e-44e2-4cef-b320-5e9b91f98dec,5,50,7,4,0.5714285714285714,548.0,485.8,35,11,4,0.7,0.22,0.08,bad
057162f1-f9d9-43bb-89b4-80eba0a89a4c,2,20,2,1,0.5,423.5,423.5,8,11,1,0.4,0.55,0.05,unknown_low_controls
05d53029-9e80-4748-b3c2-627927a380d8,8,80,8,5,0.625,286.5,308.125,43,33,4,0.5375,0.4125,0.05,bad
05da45c4-25ef-4033-b738-7b6ba97d6f40,13,130,14,10,0.7142857142857143,298.0,461.46153846153845,59,67,4,0.45384615384615384,0.5153846153846153,0.03076923076923077,risky
0600e4dd-cebf-478a-8c12-620295e69dd8,1,10,2,2,1.0,228.0,228.0,8,2,0,0.8,0.2,0.0,unknown_low_controls
061cb874-f3d8-47da-b383-ac76e6bb07fc,11,110,11,7,0.6363636363636364,167.0,164.0,46,56,8,0.41818181818181815,0.509090909090909,0.07272727272727272,bad
064cc925-e907-4dd4-a177-4adeb5d03fbb,10,50,10,8,0.8,278.0,323.3,21,28,1,0.42,0.56,0.02,risky
065befbc-0bdd-4b30-bc30-67a68b053764,2,20,3,1,0.3333333333333333,396.5,396.5,11,8,1,0.55,0.4,0.05,unknown_low_controls
06655c8d-0921-4cee-9eb8-0298c5829824,4,40,4,3,0.75,350.5,370.5,18,20,2,0.45,0.5,0.05,unknown_low_controls
066845d8-bad4-4f70-b927-e6d342d3fcfe,2,20,4,2,0.5,258.5,258.5,14,5,1,0.7,0.25,0.05,unknown_low_controls
066dc43d-91a4-4b2b-9d6b-e4b8d827ecf9,2,20,4,3,0.75,501.5,501.5,6,13,1,0.3,0.65,0.05,unknown_low_controls
066fb91c-c59a-4050-b19b-ade778bb4112,5,50,5,3,0.6,526.0,817.0,25,20,5,0.5,0.4,0.1,bad
06917fad-d7d1-44a4-be43-62200b61bb41,2,20,3,2,0.6666666666666666,523.5,523.5,8,12,0,0.4,0.6,0.0,unknown_low_controls
06a5ed4f-2c29-43d7-9dcc-4854b1ded69e,33,330,65,54,0.8307692307692308,390.0,430.06060606060606,162,154,14,0.4909090909090909,0.4666666666666667,0.04242424242424243,risky
06c50ff6-b9e9-49bf-aa33-87e77a1f78c2,8,80,8,5,0.625,254.5,295.0,44,33,3,0.55,0.4125,0.0375,bad
06c8be11-c750-43c7-8391-5ad37d35078d,4,40,8,5,0.625,601.0,555.25,29,9,2,0.725,0.225,0.05,bad
07037245-15dd-4a7e-8110-a5c54ab0e1b1,18,180,36,31,0.8611111111111112,355.5,493.6666666666667,99,67,14,0.55,0.37222222222222223,0.07777777777777778,good
0712f446-da8b-48cd-89ca-240065391f85,11,110,11,7,0.6363636363636364,561.0,710.0909090909091,56,49,5,0.509090909090909,0.44545454545454544,0.045454545454545456,bad
071846f0-4d60-400e-b0ba-8b889c02b1d2,3,30,6,5,0.8333333333333334,242.0,261.0,18,12,0,0.6,0.4,0.0,risky
071fe999-2435-4fbe-9d18-87ce0ba97f38,33,330,66,55,0.8333333333333334,532.0,597.7878787878788,185,124,21,0.5606060606060606,0.37575757575757573,0.06363636363636363,risky
072c484c-acdd-4ecd-90c1-a6986087f827,5,50,5,3,0.6,14.0,153.6,39,10,1,0.78,0.2,0.02,bad
0745baf0-6017-40f0-8473-62b253985830,18,90,18,14,0.7777777777777778,354.0,374.55555555555554,47,39,4,0.5222222222222223,0.43333333333333335,0.044444444444444446,risky
076b4702-cdc9-4041-ba22-76d4077b3d3d,3,30,3,2,0.6666666666666666,355.0,307.6666666666667,19,10,1,0.6333333333333333,0.3333333333333333,0.03333333333333333,unknown_low_controls
07891811-6a96-4d7e-a769-ab2ea904894b,12,60,12,9,0.75,138.0,149.75,35,24,1,0.5833333333333334,0.4,0.016666666666666666,risky
07b2429e-1969-4875-8290-0d05afa404e8,6,60,12,8,0.6666666666666666,266.0,295.3333333333333,46,8,6,0.7666666666666667,0.13333333333333333,0.1,risky
07b86d4e-9208-4e35-8abf-d366b4a81764,17,170,17,13,0.7647058823529411,536.0,537.8235294117648,80,76,14,0.47058823529411764,0.4470588235294118,0.08235294117647059,risky
07d76764-40e0-4957-8c11-f43a945afec8,6,60,12,7,0.5833333333333334,428.0,595.3333333333334,37,21,2,0.6166666666666667,0.35,0.03333333333333333,bad
07f48a2c-4c87-4047-a273-e9aaa192face,6,60,12,8,0.6666666666666666,368.5,391.0,36,21,3,0.6,0.35,0.05,risky
08188725-dfd0-45d9-a7fc-3c88fbc78603,11,110,22,17,0.7727272727272727,264.0,311.6363636363636,65,44,1,0.5909090909090909,0.4,0.00909090909090909,risky
081ff44e-ab42-466b-85b0-9800acc6071f,12,120,15,11,0.7333333333333333,1093.0,1017.4166666666666,74,43,3,0.6166666666666667,0.35833333333333334,0.025,risky
0837bef2-82fa-424f-aeb8-13adc4cb3eae,1,10,2,1,0.5,237.0,237.0,9,1,0,0.9,0.1,0.0,unknown_low_controls
084c8189-4320-4669-bb64-94d72947728b,4,40,4,1,0.25,203.0,197.5,23,16,1,0.575,0.4,0.025,unknown_low_controls
084f122e-6016-473e-a10c-6f3c5b17a9ee,1,10,2,1,0.5,730.0,730.0,8,2,0,0.8,0.2,0.0,unknown_low_controls
085353e0-5648-4eef-ae50-fd59bb43b64d,1,5,1,0,0.0,194.0,194.0,4,1,0,0.8,0.2,0.0,unknown_low_controls
0874eef9-490f-4c41-87ff-ee65f6c6bf22,10,100,10,7,0.7,469.5,581.6,53,41,6,0.53,0.41,0.06,risky
08c2ebf7-98eb-40ed-8357-df5cee320961,4,40,4,2,0.5,854.0,814.0,28,11,1,0.7,0.275,0.025,unknown_low_controls
08c50476-e999-487a-88db-6140511e7b57,3,30,3,1,0.3333333333333333,106.0,116.0,13,16,1,0.43333333333333335,0.5333333333333333,0.03333333333333333,unknown_low_controls
08c55506-4126-4e07-af5e-f21e45582b67,12,120,24,19,0.7916666666666666,882.0,991.75,61,57,2,0.5083333333333333,0.475,0.016666666666666666,risky
08d14875-06e0-4e2e-b151-c987b7310415,18,90,18,14,0.7777777777777778,409.0,415.3888888888889,43,41,6,0.4777777777777778,0.45555555555555555,0.06666666666666667,risky
08db67cc-97d8-4f0a-aa09-e9f535709864,5,50,5,3,0.6,528.0,788.8,24,24,2,0.48,0.48,0.04,bad
0910b59c-850c-478c-8450-f7af8b2b3f65,16,160,16,12,0.75,205.5,204.125,75,85,0,0.46875,0.53125,0.0,risky
091cb947-f972-4283-96f4-36f2d69034d0,5,50,10,7,0.7,232.0,224.2,33,13,4,0.66,0.26,0.08,risky
094a786a-ede7-4cd7-aa9e-f200689b095b,7,35,7,5,0.7142857142857143,323.0,301.0,11,20,4,0.3142857142857143,0.5714285714285714,0.11428571428571428,risky
094b5aeb-6837-4a30-a3f3-680a84012aef,15,150,15,11,0.7333333333333333,472.0,474.3333333333333,83,56,11,0.5533333333333333,0.37333333333333335,0.07333333333333333,risky
094c5c62-e693-44e6-a7e1-7d9d902a6003,13,65,13,9,0.6923076923076923,281.0,272.6923076923077,32,32,1,0.49230769230769234,0.49230769230769234,0.015384615384615385,risky
095ac833-f045-4a5a-aa16-68192e64773c,41,410,49,42,0.8571428571428571,257.0,380.5365853658537,240,166,4,0.5853658536585366,0.40487804878048783,0.00975609756097561,good
096de7b7-c9ce-4bc0-af4a-f9d5ac8501b3,8,40,8,5,0.625,385.5,442.875,14,22,4,0.35,0.55,0.1,bad
0989a651-e516-4c1a-ae4e-03a76719ca75,3,30,6,2,0.3333333333333333,34.0,137.33333333333334,30,0,0,1.0,0.0,0.0,bad
098dba93-584b-4676-8333-8d309985f870,4,33,6,3,0.5,307.0,312.8484848484849,21,10,2,0.6363636363636364,0.30303030303030304,0.06060606060606061,bad
099e2874-b954-443f-bc10-024ad934600c,9,90,18,14,0.7777777777777778,429.0,413.55555555555554,30,57,3,0.3333333333333333,0.6333333333333333,0.03333333333333333,risky
09ad474f-4de4-4f17-9057-776f63dd5640,5,50,10,7,0.7,210.0,246.6,18,28,4,0.36,0.56,0.08,risky
09b10116-2cc1-4ad3-a551-345ff8dffde4,7,70,14,9,0.6428571428571429,189.0,280.42857142857144,27,41,2,0.38571428571428573,0.5857142857142857,0.02857142857142857,bad
0a01ef0a-50e9-41f4-ac46-3b15aef88135,1,10,2,0,0.0,133.0,133.0,0,0,10,0.0,0.0,1.0,unknown_low_controls
0a04582b-6a03-4247-be43-7e426f13a69a,6,60,12,8,0.6666666666666666,278.0,280.5,36,19,5,0.6,0.31666666666666665,0.08333333333333333,risky
0a23005c-9527-43f0-8938-d7473dd840d9,2,20,4,1,0.25,232.5,232.5,10,2,8,0.5,0.1,0.4,unknown_low_controls
0ac1a8b7-b788-47ce-a14e-c73b5cba800f,1,10,2,1,0.5,462.0,462.0,6,4,0,0.6,0.4,0.0,unknown_low_controls
0add03ee-1836-43db-819b-0b25d4ef4263,12,120,12,8,0.6666666666666666,246.0,380.25,52,58,10,0.43333333333333335,0.48333333333333334,0.08333333333333333,risky
0af93d71-971a-4190-bf3f-ee786ae4013d,4,40,8,5,0.625,464.5,541.0,13,26,1,0.325,0.65,0.025,bad
0b13b82a-18a9-415a-8215-7182b55657f3,12,120,12,9,0.75,287.5,329.1666666666667,70,37,13,0.5833333333333334,0.30833333333333335,0.10833333333333334,risky
0b359a87-a25a-4131-a440-29e3572c42bf,3,30,3,1,0.3333333333333333,940.0,829.3333333333334,19,9,2,0.6333333333333333,0.3,0.06666666666666667,unknown_low_controls
0b454b1b-9c56-43d5-a68e-66ff8bb3d553,3,30,6,2,0.3333333333333333,102.0,95.0,27,3,0,0.9,0.1,0.0,bad
0b6129db-6925-4dc4-ae3f-3f4b05a2385a,4,40,8,4,0.5,384.0,649.0,19,20,1,0.475,0.5,0.025,bad
0b6f4abb-98b0-450c-a32c-443665890521,23,228,46,38,0.8260869565217391,230.0,263.35087719298247,92,117,19,0.40350877192982454,0.5131578947368421,0.08333333333333333,risky
0b759893-3c91-44da-851d-0fb2f29eb958,4,40,8,6,0.75,89.0,98.5,26,12,2,0.65,0.3,0.05,risky
0b8b449a-0aee-42d4-95ca-926960aeddfe,10,100,10,8,0.8,271.0,296.8,56,39,5,0.56,0.39,0.05,risky
0ba1d12b-3091-47e0-8c8a-3b510bd3720f,13,130,13,9,0.6923076923076923,331.0,356.84615384615387,73,49,8,0.5615384615384615,0.3769230769230769,0.06153846153846154,risky
0bdffb6e-31b3-460b-8c80-cb765436c93f,4,40,8,4,0.5,602.5,812.75,29,10,1,0.725,0.25,0.025,bad
0be692ec-ec2a-4a3e-a8c5-ac14d645f6c0,1,10,1,0,0.0,70.0,70.0,3,6,1,0.3,0.6,0.1,unknown_low_controls
0c047659-770b-4c61-84a4-96653af1ac79,2,20,2,1,0.5,540.0,540.0,12,8,0,0.6,0.4,0.0,unknown_low_controls
0c1d2a70-c103-404f-9255-2719407438c7,4,40,8,4,0.5,1124.5,1103.25,23,17,0,0.575,0.425,0.0,bad
0c37ff1a-1178-4c25-aabb-2368095f4793,46,230,46,39,0.8478260869565217,114.0,135.80434782608697,127,96,7,0.5521739130434783,0.41739130434782606,0.030434782608695653,risky
0c3e7f72-094a-4856-b46b-7cd9b4e8fb4b,5,50,10,6,0.6,1173.0,1226.0,37,13,0,0.74,0.26,0.0,bad
0c5e4cc4-b353-4a51-85d7-0a20a101c390,6,60,12,8,0.6666666666666666,454.5,437.5,33,27,0,0.55,0.45,0.0,risky
0c68da45-844a-42fc-8be6-6ec74c7c84f4,14,140,14,10,0.7142857142857143,232.5,247.64285714285714,67,68,5,0.4785714285714286,0.4857142857142857,0.03571428571428571,risky
0c88120b-8de7-47b4-93f5-3e7e9ed97555,4,40,8,5,0.625,459.0,465.75,25,11,4,0.625,0.275,0.1,bad
0c9b4d38-8a9a-4cfe-830b-e2fa5eaf1f20,4,40,4,2,0.5,922.5,948.75,17,20,3,0.425,0.5,0.075,unknown_low_controls
0cd7c540-9055-4c31-865f-8ff4c276a20b,7,70,7,5,0.7142857142857143,444.0,455.42857142857144,47,20,3,0.6714285714285714,0.2857142857142857,0.04285714285714286,risky
0cdfb536-ebbc-44de-aaac-357c2b377922,9,90,9,6,0.6666666666666666,748.0,744.5555555555555,37,47,6,0.4111111111111111,0.5222222222222223,0.06666666666666667,risky
0d543407-53b9-4985-a59e-ac6b1c13f959,17,85,17,13,0.7647058823529411,310.0,328.8235294117647,30,54,1,0.35294117647058826,0.6352941176470588,0.011764705882352941,risky
0d8c67aa-bf6a-43a2-9bb2-a137bb6a1fab,2,20,4,1,0.25,203.0,203.0,12,7,1,0.6,0.35,0.05,unknown_low_controls
0d9ea10b-da1e-4fd8-a2eb-86b8360f827d,7,70,14,10,0.7142857142857143,308.0,302.14285714285717,40,29,1,0.5714285714285714,0.4142857142857143,0.014285714285714285,risky
0dabafb8-52bd-4564-8bb9-38164761c77f,7,70,14,10,0.7142857142857143,356.0,369.85714285714283,31,35,4,0.44285714285714284,0.5,0.05714285714285714,risky
0dc5dc0a-3c8b-481d-82d5-d200635a7d79,10,100,10,6,0.6,481.5,469.3,55,39,6,0.55,0.39,0.06,bad
0dc768da-cdf6-426e-a4ff-c40a41a6a30f,15,150,15,11,0.7333333333333333,292.0,296.8666666666667,57,90,3,0.38,0.6,0.02,risky
0e33e859-c5ac-4bf9-8077-56415508fcf0,3,30,6,3,0.5,249.0,310.3333333333333,21,4,5,0.7,0.13333333333333333,0.16666666666666666,bad
0e4bbefe-7aa0-45c2-a924-fbc0423cbde8,4,40,8,4,0.5,504.0,471.75,20,15,5,0.5,0.375,0.125,bad
0e50b092-2e05-4510-9b48-2a39450994eb,2,20,4,2,0.5,868.5,868.5,14,5,1,0.7,0.25,0.05,unknown_low_controls
0e5f4907-908a-4327-bce8-f5bce506bcb3,5,50,8,4,0.5,356.0,366.2,23,26,1,0.46,0.52,0.02,bad
0e65361b-18be-444d-b5b5-b024b386e424,1,10,2,0,0.0,659.0,659.0,8,2,0,0.8,0.2,0.0,unknown_low_controls
0e750d48-069c-4945-8c77-47e6b43f548a,8,80,16,12,0.75,102.0,172.125,43,37,0,0.5375,0.4625,0.0,risky
0eab123d-bb51-41fd-b39e-3930f220d74e,13,130,13,10,0.7692307692307693,289.0,428.7692307692308,65,55,10,0.5,0.4230769230769231,0.07692307692307693,risky
0eb43c51-3f7c-454a-92ed-45b24bb970d5,21,105,21,17,0.8095238095238095,134.0,173.28571428571428,47,49,9,0.44761904761904764,0.4666666666666667,0.08571428571428572,risky
0ec0241e-ab91-4f51-85e0-725440645da7,9,90,16,12,0.75,477.0,493.6666666666667,53,35,2,0.5888888888888889,0.3888888888888889,0.022222222222222223,risky
0ec8b295-9efe-4139-abfb-a1359742845f,7,70,7,4,0.5714285714285714,279.0,373.85714285714283,41,27,2,0.5857142857142857,0.38571428571428573,0.02857142857142857,bad
0ef6fe3a-6402-4c52-9fb2-f8f38f59d6cb,1,10,2,0,0.0,905.0,905.0,7,3,0,0.7,0.3,0.0,unknown_low_controls
0ef975bc-eb3b-46f7-8c04-72f35265346b,4,40,4,2,0.5,68.5,100.25,10,26,4,0.25,0.65,0.1,unknown_low_controls
0f34fc2f-092f-45e8-97c5-e529f6e1cbb9,16,160,23,18,0.782608695652174,244.5,252.875,84,75,1,0.525,0.46875,0.00625,risky
0f57f9da-217f-4910-aad6-24995f07225d,8,80,16,12,0.75,199.0,226.875,44,30,6,0.55,0.375,0.075,risky
0f6b6819-1d4c-4c4b-aa84-0e6028cd184a,3,30,3,1,0.3333333333333333,435.0,689.3333333333334,13,15,2,0.43333333333333335,0.5,0.06666666666666667,unknown_low_controls
0f776b43-b4aa-4c0d-8919-35d8a0193873,6,60,12,7,0.5833333333333334,269.0,269.5,39,18,3,0.65,0.3,0.05,bad
0f808b11-0202-4219-b0d7-781d0857cb5c,5,50,10,6,0.6,558.0,598.2,31,19,0,0.62,0.38,0.0,bad
0f87a894-4a31-467c-9ebf-3e1ac6cf1795,4,40,8,4,0.5,326.5,340.75,21,17,2,0.525,0.425,0.05,bad
0f969cac-10b1-4e7d-880c-faf0177c8b2b,14,137,15,11,0.7333333333333333,811.0,794.7956204379562,77,54,6,0.5620437956204379,0.39416058394160586,0.043795620437956206,risky
0fc5a12f-922e-401c-966a-3e3336fd129a,3,30,6,3,0.5,663.0,691.3333333333334,22,8,0,0.7333333333333333,0.26666666666666666,0.0,bad
100718bc-7b0a-4cfe-ab1c-0d3b614b878d,3,30,6,3,0.5,29.0,29.0,23,7,0,0.7666666666666667,0.23333333333333334,0.0,bad
10174146-1fed-4cb1-9a07-48e39a42ab0a,11,55,11,8,0.7272727272727273,154.0,164.0,28,21,6,0.509090909090909,0.38181818181818183,0.10909090909090909,risky
1029ea15-c60a-48f6-8668-bf9bc628275c,5,25,5,5,1.0,243.0,259.4,11,13,1,0.44,0.52,0.04,good
108c737b-dbcd-4d83-a221-65fa930d29e1,32,275,32,26,0.8125,416.0,473.1818181818182,159,112,4,0.5781818181818181,0.4072727272727273,0.014545454545454545,risky
10a3906a-f0b0-41af-ac96-b99cf35a525b,8,80,8,5,0.625,365.0,425.75,37,41,2,0.4625,0.5125,0.025,bad
10abfc02-6512-408d-965d-c1777b4baae2,13,130,13,9,0.6923076923076923,293.0,288.15384615384613,59,68,3,0.45384615384615384,0.5230769230769231,0.023076923076923078,risky
10c3978a-67f4-4fb8-926a-e14ebfea00a1,30,300,30,25,0.8333333333333334,478.0,557.1666666666666,142,143,15,0.47333333333333333,0.4766666666666667,0.05,risky
10d103f8-292f-4175-8e6b-35abe03357c1,12,60,12,11,0.9166666666666666,231.0,260.5,36,23,1,0.6,0.38333333333333336,0.016666666666666666,good
10e5d597-23c2-45d2-bc8d-95f7112c0001,6,60,11,7,0.6363636363636364,280.5,303.0,43,17,0,0.7166666666666667,0.2833333333333333,0.0,bad
10ec35fd-9432-4ceb-a8ff-dd3074b45838,18,180,36,28,0.7777777777777778,355.5,395.3333333333333,92,83,5,0.5111111111111111,0.46111111111111114,0.027777777777777776,risky
11015542-187d-4f88-9686-0958347fcbf0,3,30,6,3,0.5,327.0,340.6666666666667,19,9,2,0.6333333333333333,0.3,0.06666666666666667,bad
110249f8-3222-4116-9d59-998a29855dab,10,100,10,8,0.8,443.0,453.4,61,37,2,0.61,0.37,0.02,risky
1125308b-8ed0-4773-8bb8-c2e9b13c53c3,2,20,4,2,0.5,131.5,131.5,18,1,1,0.9,0.05,0.05,unknown_low_controls
11402dc2-ebd2-44f8-b9de-7b9615145cc3,1,10,1,0,0.0,1456.0,1456.0,8,0,2,0.8,0.0,0.2,unknown_low_controls
114b5c83-e2ca-48cf-a358-7d557b7f5c65,5,50,10,5,0.5,303.0,287.8,27,18,5,0.54,0.36,0.1,bad
11a6935f-e400-4fff-a914-215e96ab9182,4,20,4,2,0.5,324.0,361.0,10,8,2,0.5,0.4,0.1,unknown_low_controls
11a69b82-3b50-4c6b-8f6a-a8eec2bee046,3,30,3,2,0.6666666666666666,310.0,325.6666666666667,17,10,3,0.5666666666666667,0.3333333333333333,0.1,unknown_low_controls
1204c479-359c-4c88-84cd-04b70b55ea77,9,90,9,5,0.5555555555555556,435.0,446.6666666666667,47,40,3,0.5222222222222223,0.4444444444444444,0.03333333333333333,bad
12135c12-98f0-404f-a6b9-fc88f92afabb,6,50,6,4,0.6666666666666666,605.0,505.3,30,18,2,0.6,0.36,0.04,risky
1217b215-d17a-4222-afb5-609bd5e57f9d,7,70,14,10,0.7142857142857143,457.0,455.7142857142857,44,26,0,0.6285714285714286,0.37142857142857144,0.0,risky
1263cb47-0094-4881-9c6a-812fc89e57fc,7,70,7,4,0.5714285714285714,351.0,417.0,44,24,2,0.6285714285714286,0.34285714285714286,0.02857142857142857,bad
126834b0-ec1c-43fb-9c8b-e79394a32746,6,60,12,9,0.75,200.0,204.16666666666666,32,23,5,0.5333333333333333,0.38333333333333336,0.08333333333333333,risky
127e1a64-4c3b-42d9-8118-7ec20731051b,4,40,8,5,0.625,268.5,270.5,19,16,5,0.475,0.4,0.125,bad
12890c1d-4be5-46f7-bf1d-1cb13fb45db3,3,30,6,2,0.3333333333333333,144.0,150.33333333333334,19,10,1,0.6333333333333333,0.3333333333333333,0.03333333333333333,bad
12939b56-cd1e-4d51-bb33-7ea8732786f5,4,20,4,2,0.5,203.5,298.5,12,7,1,0.6,0.35,0.05,unknown_low_controls
12aca90e-df9e-4859-bd4b-cbc40c8ef483,13,130,26,21,0.8076923076923077,984.0,1078.8461538461538,95,32,3,0.7307692307692307,0.24615384615384617,0.023076923076923078,risky
12cc03af-8b7e-482e-96f3-c4050958809e,54,270,54,47,0.8703703703703703,127.0,142.42592592592592,120,142,8,0.4444444444444444,0.5259259259259259,0.02962962962962963,good
12d1b9ae-b0f5-4878-ba20-5152ebc43c0c,2,20,2,0,0.0,399.5,399.5,12,8,0,0.6,0.4,0.0,unknown_low_controls
12da74c0-3e83-4923-83fb-2c3a21d16440,9,90,9,6,0.6666666666666666,423.0,510.6666666666667,46,38,6,0.5111111111111111,0.4222222222222222,0.06666666666666667,risky
12e583a3-b7fb-4e66-80f3-a4f86568fc02,21,210,21,16,0.7619047619047619,623.0,672.7619047619048,129,74,7,0.6142857142857143,0.3523809523809524,0.03333333333333333,risky
13108aec-f81b-43ec-a3e2-348e2c011ca5,16,160,32,26,0.8125,333.5,483.5625,52,96,12,0.325,0.6,0.075,risky
13164f7b-14aa-4b3c-9754-8ccdea8c5209,3,30,6,1,0.16666666666666666,227.0,221.66666666666666,28,2,0,0.9333333333333333,0.06666666666666667,0.0,bad
1325973f-f0c1-491f-989e-d85578d52a34,3,30,6,1,0.16666666666666666,274.0,288.3333333333333,18,11,1,0.6,0.36666666666666664,0.03333333333333333,bad
1333ea04-4203-4bda-9054-da71096b0ffe,18,180,23,19,0.8260869565217391,371.0,409.05555555555554,99,79,2,0.55,0.4388888888888889,0.011111111111111112,risky
13ce2070-0412-4991-b03a-2ec87bebe23f,3,30,4,1,0.25,634.0,564.6666666666666,19,9,2,0.6333333333333333,0.3,0.06666666666666667,unknown_low_controls
13d4f03f-a209-4249-b35b-d5bc04b4fa7f,6,60,6,3,0.5,22.5,23.166666666666668,41,19,0,0.6833333333333333,0.31666666666666665,0.0,bad
13eea4ca-6b66-4731-bde7-cc2d9ba63c5e,7,70,14,10,0.7142857142857143,541.0,626.2857142857143,36,33,1,0.5142857142857142,0.4714285714285714,0.014285714285714285,risky
13f05116-963d-43d7-890c-13f074f4fa1e,1,10,2,0,0.0,273.0,273.0,9,1,0,0.9,0.1,0.0,unknown_low_controls
1412815e-c2b0-4ccf-bb2c-c9f1dc3d5c1c,2,20,4,2,0.5,163.0,163.0,15,4,1,0.75,0.2,0.05,unknown_low_controls
141f8a38-e976-452b-9f69-29f55facdc24,14,140,14,10,0.7142857142857143,409.5,445.2142857142857,68,64,8,0.4857142857142857,0.45714285714285713,0.05714285714285714,risky
14455407-8f8d-4d2a-9712-e09ffd04eee1,2,20,4,1,0.25,277.5,277.5,11,8,1,0.55,0.4,0.05,unknown_low_controls
145e3847-f691-4af4-8ea2-8297bfbcb79a,12,120,12,8,0.6666666666666666,535.5,741.3333333333334,66,47,7,0.55,0.39166666666666666,0.058333333333333334,risky
14744568-bf4c-4cb0-a1f9-d77e54c1e71a,17,170,17,13,0.7647058823529411,481.0,517.5882352941177,92,65,13,0.5411764705882353,0.38235294117647056,0.07647058823529412,risky
14910d06-4d0f-4d11-90e5-b75e877822f8,20,200,40,33,0.825,196.5,355.3,89,94,17,0.445,0.47,0.085,risky
14d7221c-8106-43e0-be32-eefc4a9b3ac1,4,40,8,5,0.625,556.5,646.5,18,21,1,0.45,0.525,0.025,bad
14eacd5b-5218-431b-9997-46b98fd02526,15,150,15,11,0.7333333333333333,197.0,216.2,46,95,9,0.30666666666666664,0.6333333333333333,0.06,risky
14f4e089-1461-4d4a-b477-8c023dc13217,23,221,23,18,0.782608695652174,199.0,226.89592760180994,106,109,6,0.4796380090497738,0.49321266968325794,0.027149321266968326,risky
1502797e-79e2-4c29-967b-6b98282578a5,8,80,8,5,0.625,522.5,518.75,33,38,9,0.4125,0.475,0.1125,bad
1505ef69-53b7-4bc0-bed3-104df68ae7f1,6,60,12,9,0.75,203.5,208.0,25,32,3,0.4166666666666667,0.5333333333333333,0.05,risky
154ad15e-cd80-4dbf-9c24-c42e69415239,4,40,4,2,0.5,832.0,869.75,14,23,3,0.35,0.575,0.075,unknown_low_controls
15d02302-87cb-4b6b-b8b1-ff876ab07507,9,90,18,13,0.7222222222222222,267.0,276.8888888888889,49,35,6,0.5444444444444444,0.3888888888888889,0.06666666666666667,risky
15d32ef6-c15c-473b-8d4f-bf504d79adf1,4,40,8,4,0.5,464.0,510.5,31,8,1,0.775,0.2,0.025,bad
15d88a1d-0bb5-4586-95e8-c13933cdff8c,34,200,34,27,0.7941176470588235,125.5,191.375,102,93,5,0.51,0.465,0.025,risky
15eb4a5c-c519-48ed-9362-400139c594e2,4,40,8,5,0.625,261.5,256.75,24,14,2,0.6,0.35,0.05,bad
15eea875-5617-43d4-9883-79484340749b,10,100,10,6,0.6,234.5,234.8,52,37,11,0.52,0.37,0.11,bad
15f9e701-d38b-44b0-885c-dfbcedf3f669,5,50,10,7,0.7,549.0,560.4,36,12,2,0.72,0.24,0.04,risky
162163d3-ade9-4284-9038-bb7c2a6b5566,10,100,20,16,0.8,167.5,221.0,64,31,5,0.64,0.31,0.05,risky
16423743-0a84-4643-bf4d-f056241f5f9f,1,10,2,2,1.0,328.0,328.0,7,3,0,0.7,0.3,0.0,unknown_low_controls
16497222-e59e-41c1-81d3-1c73bac76c4b,1,10,2,1,0.5,373.0,373.0,6,4,0,0.6,0.4,0.0,unknown_low_controls
16504e2e-e93b-4e0e-bf33-4604e528ec0e,4,40,8,5,0.625,510.5,487.5,26,14,0,0.65,0.35,0.0,bad
16833d69-1078-422f-ab25-4125b6de2943,4,40,8,5,0.625,274.0,249.0,26,10,4,0.65,0.25,0.1,bad
168ba11f-95a0-4831-923c-adffa9344f98,6,60,12,9,0.75,446.5,492.3333333333333,44,14,2,0.7333333333333333,0.23333333333333334,0.03333333333333333,risky
16c96548-22c1-4e51-b563-8b6b21255edc,12,120,12,8,0.6666666666666666,299.0,381.75,69,48,3,0.575,0.4,0.025,risky
16f4b649-cefc-4489-9c6b-e4493cb26397,7,70,10,6,0.6,323.0,381.42857142857144,48,17,5,0.6857142857142857,0.24285714285714285,0.07142857142857142,bad
16f93ac7-d366-47a9-bad9-b3d0fee85e95,6,60,12,9,0.75,118.5,119.33333333333333,36,19,5,0.6,0.31666666666666665,0.08333333333333333,risky
1715657b-a874-4e0b-a760-0645dc498936,3,15,3,1,0.3333333333333333,172.0,373.3333333333333,4,6,5,0.26666666666666666,0.4,0.3333333333333333,unknown_low_controls
1730a1a3-5220-49d0-ade0-980f932b68b8,11,110,19,14,0.7368421052631579,628.0,616.8181818181819,63,47,0,0.5727272727272728,0.42727272727272725,0.0,risky
17491540-aa07-4e6b-9062-bb22a21f8b8f,2,20,4,2,0.5,1058.5,1058.5,15,5,0,0.75,0.25,0.0,unknown_low_controls
177b2566-279b-4d8d-b890-b9383748b9b3,49,490,49,40,0.8163265306122449,265.0,509.51020408163265,229,232,29,0.4673469387755102,0.47346938775510206,0.05918367346938776,risky
17c8e84d-bb14-4663-952d-8f294f0b3f17,1,10,2,0,0.0,653.0,653.0,9,0,1,0.9,0.0,0.1,unknown_low_controls
17df546d-d149-4c05-9754-cc316df69379,11,110,11,8,0.7272727272727273,285.0,304.6363636363636,69,38,3,0.6272727272727273,0.34545454545454546,0.02727272727272727,risky
17e93710-4c08-4335-b298-1ee0886a5caa,5,50,10,6,0.6,306.0,334.2,27,23,0,0.54,0.46,0.0,bad
17ebbc50-bade-4bb4-a130-a7249da9fb77,12,120,24,19,0.7916666666666666,452.0,434.1666666666667,86,26,8,0.7166666666666667,0.21666666666666667,0.06666666666666667,risky
1800d137-255b-43c6-ae29-724b82f5ac93,16,160,16,12,0.75,489.0,503.5625,79,70,11,0.49375,0.4375,0.06875,risky
1801368b-6a39-45d3-a4ce-e7e805efc5a4,8,80,8,6,0.75,449.0,479.75,45,32,3,0.5625,0.4,0.0375,risky
1804a983-dab6-40d8-b191-5ae2b6f416dc,9,88,9,7,0.7777777777777778,269.0,372.59090909090907,55,33,0,0.625,0.375,0.0,risky
181a6606-0d36-4bd5-a612-a2760e86ffb0,3,30,6,2,0.3333333333333333,369.0,360.3333333333333,15,14,1,0.5,0.4666666666666667,0.03333333333333333,bad
1825cab3-89d1-451c-a96c-787c0281cf79,1,10,2,0,0.0,1248.0,1248.0,6,4,0,0.6,0.4,0.0,unknown_low_controls
1825d61d-63c3-40c2-88e5-3282381e1782,1,10,2,1,0.5,235.0,235.0,4,6,0,0.4,0.6,0.0,unknown_low_controls
184a84de-ba20-428b-8d0e-59060f8465e4,12,120,16,12,0.75,172.5,177.83333333333334,61,50,9,0.5083333333333333,0.4166666666666667,0.075,risky
185803e7-c2b0-419a-93b9-eaef6afa1a81,17,165,34,28,0.8235294117647058,389.0,494.969696969697,77,78,10,0.4666666666666667,0.4727272727272727,0.06060606060606061,risky
185f58fd-352d-4e3d-84db-ecb803ef2617,6,60,12,8,0.6666666666666666,199.5,255.33333333333334,44,16,0,0.7333333333333333,0.26666666666666666,0.0,risky
185f87fa-ff2f-4e80-8f23-be5e12af1d6d,1,10,1,0,0.0,481.0,481.0,4,4,2,0.4,0.4,0.2,unknown_low_controls
188e7632-a4a4-4ce8-ab17-85404196beaf,8,80,10,6,0.6,342.0,349.0,45,28,7,0.5625,0.35,0.0875,bad
193b8d0d-fdaa-45b5-90b8-a63239dfe169,3,30,6,3,0.5,739.0,783.0,23,6,1,0.7666666666666667,0.2,0.03333333333333333,bad
193d0095-b2d5-4cf0-ac6b-b588e65ba5e1,3,15,3,1,0.3333333333333333,135.0,179.66666666666666,12,3,0,0.8,0.2,0.0,unknown_low_controls
194e74dc-3779-4f3e-9e6c-2c863b9ccb18,1,10,2,1,0.5,296.0,296.0,5,5,0,0.5,0.5,0.0,unknown_low_controls
19510ec4-0b73-4276-ab2f-f0f85e94f428,3,30,6,3,0.5,503.0,480.0,22,8,0,0.7333333333333333,0.26666666666666666,0.0,bad
1976d216-b34c-424a-b902-4b8a146544c4,1,10,2,0,0.0,817.0,817.0,4,6,0,0.4,0.6,0.0,unknown_low_controls
198d7a1e-eed0-4b53-a1c3-3ee8f3bc6836,22,220,23,19,0.8260869565217391,329.0,391.90909090909093,89,118,13,0.40454545454545454,0.5363636363636364,0.05909090909090909,risky
1a0f3978-9e20-48a9-8600-7743468a484b,6,60,9,5,0.5555555555555556,704.5,732.8333333333334,42,15,3,0.7,0.25,0.05,bad
1a1fea47-3e10-4251-a1fd-c587a0c1b3ce,3,30,3,2,0.6666666666666666,438.0,428.6666666666667,13,16,1,0.43333333333333335,0.5333333333333333,0.03333333333333333,unknown_low_controls
1a377312-98a8-4370-b940-b984d7b49ad2,18,90,18,14,0.7777777777777778,213.0,222.27777777777777,41,43,6,0.45555555555555555,0.4777777777777778,0.06666666666666667,risky
1a5bcf53-ac33-44f6-b9e6-17f74748e47b,3,30,6,4,0.6666666666666666,572.0,541.3333333333334,16,13,1,0.5333333333333333,0.43333333333333335,0.03333333333333333,risky
1a9c09c3-c537-47ad-adc8-624877f00397,23,230,23,18,0.782608695652174,266.0,303.4347826086956,95,110,25,0.41304347826086957,0.4782608695652174,0.10869565217391304,risky
1aa2bf8d-bf7c-48d6-b0fc-37edd710bedc,11,110,22,18,0.8181818181818182,1100.0,978.0,55,45,10,0.5,0.4090909090909091,0.09090909090909091,risky
1aa965cf-90d7-47bd-b40b-f33c6c4f1d4e,12,120,12,9,0.75,277.5,336.8333333333333,73,39,8,0.6083333333333333,0.325,0.06666666666666667,risky
1ab90003-3cdc-44c9-8ae6-d3f4f4c1da13,4,40,8,5,0.625,228.0,257.5,27,6,7,0.675,0.15,0.175,bad
1abecfe1-47c0-42c7-9d78-4ebdcd70d9ed,5,50,10,6,0.6,819.0,982.6,25,21,4,0.5,0.42,0.08,bad
1ae6db2c-e9c7-4b92-a53f-7097735f535c,2,20,4,1,0.25,1063.0,1063.0,8,4,8,0.4,0.2,0.4,unknown_low_controls
1afaf2e3-8b72-4d80-beb0-acd0547c6cec,3,30,6,4,0.6666666666666666,130.0,182.66666666666666,14,15,1,0.4666666666666667,0.5,0.03333333333333333,risky
1b363257-5b55-4d73-8035-ad7e492b0b8b,1,10,2,1,0.5,332.0,332.0,3,5,2,0.3,0.5,0.2,unknown_low_controls
1b5b3b4a-e279-4d66-88d1-c07cb6c4f024,9,75,9,6,0.6666666666666666,410.0,409.73333333333335,39,34,2,0.52,0.4533333333333333,0.02666666666666667,risky
1b74d4e5-384a-4bd5-820b-a1b9965e04f9,5,50,10,6,0.6,574.0,557.0,37,12,1,0.74,0.24,0.02,bad
1b7f273e-7fac-4316-8e03-7b159bbbfa14,12,120,12,8,0.6666666666666666,518.0,537.5,82,31,7,0.6833333333333333,0.25833333333333336,0.058333333333333334,risky
1b85d104-c586-4b38-8011-9290982fa1ff,2,10,2,1,0.5,246.5,246.5,4,5,1,0.4,0.5,0.1,unknown_low_controls
1b93e9de-7ed9-4706-98e2-ac2068d6b4c2,8,80,16,12,0.75,288.0,354.75,46,34,0,0.575,0.425,0.0,risky
1bbf06a8-a677-475f-bb71-95949c21b0d8,1,10,2,0,0.0,554.0,554.0,6,2,2,0.6,0.2,0.2,unknown_low_controls
1bcdeaa8-2d56-49b8-b5f7-01e89139dad9,32,320,32,25,0.78125,200.5,245.875,156,135,29,0.4875,0.421875,0.090625,risky
1bdc90e0-e0e6-4041-801e-fb7b79c288fd,8,80,16,12,0.75,829.0,848.75,44,33,3,0.55,0.4125,0.0375,risky
1c0371a2-c00e-47b3-8c48-e975573a908d,12,120,24,18,0.75,291.0,288.1666666666667,72,43,5,0.6,0.35833333333333334,0.041666666666666664,risky
1c059e75-da8d-4f4f-823b-9e3b5476a918,42,420,42,36,0.8571428571428571,192.0,226.07142857142858,233,160,27,0.5547619047619048,0.38095238095238093,0.06428571428571428,good
1c181e6c-6ab7-4789-ba82-9e61ca69a0a4,1,10,2,1,0.5,1072.0,1072.0,6,3,1,0.6,0.3,0.1,unknown_low_controls
1c31e5be-54cd-47b8-bec9-a40eda8e1736,6,60,12,9,0.75,651.5,760.1666666666666,31,23,6,0.5166666666666667,0.38333333333333336,0.1,risky
1c326834-5519-4b32-bc3b-13153d6fb021,13,130,13,9,0.6923076923076923,252.0,267.3076923076923,69,55,6,0.5307692307692308,0.4230769230769231,0.046153846153846156,risky
1c59a04a-6c50-426c-afbb-04a2717db30d,9,90,18,14,0.7777777777777778,391.0,423.55555555555554,53,29,8,0.5888888888888889,0.32222222222222224,0.08888888888888889,risky
1c7125a2-c85d-44a5-bbf6-db6ae28d75e6,1,10,2,0,0.0,364.0,364.0,7,2,1,0.7,0.2,0.1,unknown_low_controls
1c98a5ff-8810-4c27-ac01-4a7222f3839f,9,90,18,14,0.7777777777777778,503.0,544.3333333333334,50,40,0,0.5555555555555556,0.4444444444444444,0.0,risky
1cc48238-3369-474c-9471-307b4dfb5d8c,2,20,2,0,0.0,419.5,419.5,15,5,0,0.75,0.25,0.0,unknown_low_controls
1cf6db7f-e235-4a14-9d21-0beba3fcbf17,2,20,4,3,0.75,610.0,610.0,8,9,3,0.4,0.45,0.15,unknown_low_controls
1d0ea2f2-ee74-474a-8f6a-fe05f0f6c97b,12,120,18,14,0.7777777777777778,556.5,590.9166666666666,69,47,4,0.575,0.39166666666666666,0.03333333333333333,risky
1d3186d3-8624-4a6e-a792-507086956bce,7,70,14,11,0.7857142857142857,942.0,914.2857142857143,40,24,6,0.5714285714285714,0.34285714285714286,0.08571428571428572,risky
1d68cc8a-b996-43a6-a688-c48c343c3935,11,110,11,7,0.6363636363636364,286.0,362.8181818181818,61,46,3,0.5545454545454546,0.41818181818181815,0.02727272727272727,bad
1d7a6327-4589-443c-8a61-97df9646cb0e,3,30,4,1,0.25,884.0,963.0,15,12,3,0.5,0.4,0.1,unknown_low_controls
1d86238e-90d9-4bf9-99fd-046320e03dc3,4,40,8,5,0.625,399.5,623.25,24,10,6,0.6,0.25,0.15,bad
1d8c8f00-d312-428e-8973-b85d30407993,17,170,17,13,0.7647058823529411,297.0,347.7647058823529,96,70,4,0.5647058823529412,0.4117647058823529,0.023529411764705882,risky
1d8d2bb8-d59e-44a6-a952-1c3be27682f3,10,100,13,9,0.6923076923076923,375.5,403.1,53,43,4,0.53,0.43,0.04,risky
1d90c6bd-860c-443c-a881-c7671b75ed8f,12,60,12,8,0.6666666666666666,217.5,195.41666666666666,38,17,5,0.6333333333333333,0.2833333333333333,0.08333333333333333,risky
1d93b851-9deb-448e-a13c-91a306d8484e,13,130,14,10,0.7142857142857143,366.0,410.0769230769231,75,45,10,0.5769230769230769,0.34615384615384615,0.07692307692307693,risky
1d9d73f1-311d-4da1-962c-2ad5841bde64,8,80,8,5,0.625,246.0,251.625,47,33,0,0.5875,0.4125,0.0,bad
1da8a199-f8d1-40a0-87ef-63f2eff6c395,8,80,8,6,0.75,231.0,308.75,49,24,7,0.6125,0.3,0.0875,risky
1df10f18-5ebd-48cc-b179-e12bdb11b55e,41,410,41,35,0.8536585365853658,388.0,536.4878048780488,205,196,9,0.5,0.47804878048780486,0.02195121951219512,good
1e2a70a3-5060-45db-8e78-a50b2819c44d,15,150,15,11,0.7333333333333333,402.0,431.46666666666664,78,61,11,0.52,0.4066666666666667,0.07333333333333333,risky
1e32dedf-3589-4b2e-bb2f-872265dff813,7,70,7,5,0.7142857142857143,502.0,686.8571428571429,38,27,5,0.5428571428571428,0.38571428571428573,0.07142857142857142,risky
1e7ea210-52ae-4c59-8012-695cea710773,4,40,8,5,0.625,1158.5,1198.0,23,15,2,0.575,0.375,0.05,bad
1e8319d6-3f30-4fa7-be2e-e6638baa752c,10,100,10,7,0.7,219.5,212.8,47,46,7,0.47,0.46,0.07,risky
1eb677ee-e103-4546-9d2f-1ca8c2d6a29a,6,60,12,8,0.6666666666666666,391.5,385.0,35,22,3,0.5833333333333334,0.36666666666666664,0.05,risky
1ebb15e3-86a9-44c1-91ec-1f3d8a002917,4,20,4,1,0.25,287.0,319.5,5,13,2,0.25,0.65,0.1,unknown_low_controls
1eed799a-0d78-44bb-8931-6d908cfd6cbd,7,70,7,5,0.7142857142857143,267.0,299.42857142857144,51,18,1,0.7285714285714285,0.2571428571428571,0.014285714285714285,risky
1efeaad7-70c7-4ca3-b2a3-4541a8513051,12,60,12,10,0.8333333333333334,93.5,106.66666666666667,28,29,3,0.4666666666666667,0.48333333333333334,0.05,risky
1f19264a-5620-451a-b61b-4270fc558577,4,40,4,2,0.5,318.5,313.25,19,17,4,0.475,0.425,0.1,unknown_low_controls
1f3ea8ac-a140-458d-8b0b-56ff79529a5c,4,40,8,4,0.5,628.0,594.0,24,13,3,0.6,0.325,0.075,bad
1f4d7f9f-b395-49b2-bc3e-ca489240c371,2,20,2,0,0.0,813.5,813.5,8,10,2,0.4,0.5,0.1,unknown_low_controls
1f749d76-0bff-4474-914b-da4ef7c3be8f,4,40,8,4,0.5,297.5,278.75,23,16,1,0.575,0.4,0.025,bad
1f7ef64c-d15f-4bae-b6ca-e905c5bc9e6c,17,170,34,28,0.8235294117647058,224.0,426.5882352941176,80,80,10,0.47058823529411764,0.47058823529411764,0.058823529411764705,risky
1f96f2b8-c619-4fe5-b56e-5b819dcdf6ce,5,50,10,7,0.7,229.0,232.8,31,18,1,0.62,0.36,0.02,risky
1f9bafd9-b6c9-4a88-914d-f3d995413d05,5,50,5,2,0.4,539.0,530.0,37,12,1,0.74,0.24,0.02,bad
1fab3037-2fa6-4863-876e-d20b11961ecd,3,30,6,3,0.5,143.0,128.66666666666666,17,12,1,0.5666666666666667,0.4,0.03333333333333333,bad
1fd428a0-50ee-4c4a-ad65-c3a660e1163d,5,50,10,6,0.6,339.0,346.4,34,15,1,0.68,0.3,0.02,bad
1fd92460-848f-4722-bc67-bf7fa4660b7d,8,80,8,5,0.625,336.0,364.375,49,20,11,0.6125,0.25,0.1375,bad
1fde82d0-325b-4f2e-8aba-62d9cc92c25a,14,140,27,23,0.8518518518518519,448.0,531.4285714285714,83,56,1,0.5928571428571429,0.4,0.007142857142857143,good
20031a14-de23-4cbf-8a89-a94758d522f0,4,20,4,2,0.5,149.0,145.0,15,5,0,0.75,0.25,0.0,unknown_low_controls
2010ba7b-6bea-459d-9d92-54254b4bb4ce,6,60,6,2,0.3333333333333333,311.5,294.0,33,25,2,0.55,0.4166666666666667,0.03333333333333333,bad
2069f4ad-a2cd-4820-b361-d7a466edafd3,4,40,8,5,0.625,465.0,545.0,22,17,1,0.55,0.425,0.025,bad
208648c9-bc0a-487a-8a72-da5a8e867f3f,8,40,8,4,0.5,197.0,222.75,24,13,3,0.6,0.325,0.075,bad
20885cfc-c746-449d-9233-f0b2783c960f,5,50,10,8,0.8,329.0,330.8,29,19,2,0.58,0.38,0.04,risky
209a1b2c-3ac5-4825-aaea-105a150d06e1,3,30,6,3,0.5,436.0,453.3333333333333,17,10,3,0.5666666666666667,0.3333333333333333,0.1,bad
20bcfe59-b019-4870-9d60-2a637451c7f9,5,50,10,7,0.7,172.0,185.8,21,19,10,0.42,0.38,0.2,risky
20c6790b-affa-4d60-a98e-76188e5193d3,2,20,2,0,0.0,530.5,530.5,14,5,1,0.7,0.25,0.05,unknown_low_controls
20cb3c96-23d5-493d-b51d-bdd05c8f26a2,13,130,26,21,0.8076923076923077,246.0,273.0769230769231,75,50,5,0.5769230769230769,0.38461538461538464,0.038461538461538464,risky
20d6c83d-6cf6-4242-82a5-6c678329c108,13,130,26,21,0.8076923076923077,731.0,828.0,64,49,17,0.49230769230769234,0.3769230769230769,0.13076923076923078,risky
20ea7a22-fa1a-4a3e-b80f-1111531a83b1,8,80,15,12,0.8,288.0,292.625,31,35,14,0.3875,0.4375,0.175,risky
20fcb990-0890-460f-993d-b77b6b0db1ad,4,40,8,5,0.625,270.5,264.75,23,16,1,0.575,0.4,0.025,bad
21236397-fe89-4138-a7b7-d47ccbbe449b,3,30,6,4,0.6666666666666666,200.0,230.66666666666666,19,8,3,0.6333333333333333,0.26666666666666666,0.1,risky
215f3fb7-0c5d-42d0-adfb-020a5b07f32c,5,50,6,3,0.5,453.0,584.4,33,13,4,0.66,0.26,0.08,bad
2178b489-4a37-4d6d-b713-66ee1ad9c65a,4,40,8,3,0.375,492.5,490.25,31,7,2,0.775,0.175,0.05,bad
21abaf32-42cd-4391-a1fa-649696e6fe9a,3,30,3,0,0.0,148.0,140.33333333333334,22,7,1,0.7333333333333333,0.23333333333333334,0.03333333333333333,unknown_low_controls
21be004a-7f9e-45ee-b8c9-c9ac9e4d7d34,12,109,16,12,0.75,461.0,435.8348623853211,51,56,2,0.46788990825688076,0.5137614678899083,0.01834862385321101,risky
21c5ceb1-6909-4f0e-ae50-c722bb946092,28,280,56,49,0.875,458.0,634.7142857142857,167,106,7,0.5964285714285714,0.37857142857142856,0.025,good
2258939e-adcf-4c86-8333-7b638351f2c2,15,150,29,23,0.7931034482758621,567.0,623.2,92,47,11,0.6133333333333333,0.31333333333333335,0.07333333333333333,risky
22adbec3-de90-4e79-9a4d-6628cb0fd092,2,10,2,0,0.0,201.0,201.0,5,5,0,0.5,0.5,0.0,unknown_low_controls
22c70104-a363-4795-ace9-b914ef5e716e,1,10,2,1,0.5,398.0,398.0,5,4,1,0.5,0.4,0.1,unknown_low_controls
22d142aa-d085-4db5-a4c7-dc43189b1d83,20,200,40,31,0.775,597.0,602.7,92,95,13,0.46,0.475,0.065,risky
230d1476-f7ab-4524-a90f-843b57e6f49f,17,170,17,13,0.7647058823529411,556.0,618.3529411764706,76,87,7,0.4470588235294118,0.5117647058823529,0.041176470588235294,risky
23341f63-994f-4a77-9470-1cc7d43b7b28,1,10,2,0,0.0,313.0,313.0,6,4,0,0.6,0.4,0.0,unknown_low_controls
23735ffb-3af1-4d4f-9155-6a6eca8795fe,14,140,28,22,0.7857142857142857,206.5,216.07142857142858,67,66,7,0.4785714285714286,0.4714285714285714,0.05,risky
23a10cbb-8443-4d9f-bb17-a804847cd42f,1,10,2,1,0.5,363.0,363.0,6,3,1,0.6,0.3,0.1,unknown_low_controls
242bbb43-6dd1-4df1-ba19-577c5ddefab5,3,30,6,3,0.5,188.0,172.0,18,11,1,0.6,0.36666666666666664,0.03333333333333333,bad
242d9c92-5cf1-4ad2-a965-5247d62107fd,5,50,10,6,0.6,369.0,391.0,31,14,5,0.62,0.28,0.1,bad
2442c2d1-1318-492a-b7c4-0ad72aebc08d,4,40,8,5,0.625,145.5,169.0,33,7,0,0.825,0.175,0.0,bad
2477a90e-4da7-4cbf-b316-8fbdb43d8152,13,130,26,22,0.8461538461538461,429.0,427.3076923076923,78,45,7,0.6,0.34615384615384615,0.05384615384615385,risky
2482aa0f-ccfe-4d39-adda-87ba6fa8adf7,6,60,6,4,0.6666666666666666,758.0,962.0,33,20,7,0.55,0.3333333333333333,0.11666666666666667,risky
24918ba4-d2dd-4801-9d46-d90a3a4a7c63,5,50,5,1,0.2,416.0,519.6,35,14,1,0.7,0.28,0.02,bad
249c4dbe-3afb-4784-a5ce-b34b06fef386,2,20,4,2,0.5,431.5,431.5,10,9,1,0.5,0.45,0.05,unknown_low_controls
24bfe37d-c5fe-41a6-ba00-afb7d2e4fe0c,1,10,2,0,0.0,284.0,284.0,8,2,0,0.8,0.2,0.0,unknown_low_controls
24d32c95-b1a0-4b87-99c4-6bf8b9e59639,1,10,2,0,0.0,617.0,617.0,6,3,1,0.6,0.3,0.1,unknown_low_controls
250113f2-3563-48ef-8ae9-9f6b995b4371,6,60,12,9,0.75,198.5,190.0,41,15,4,0.6833333333333333,0.25,0.06666666666666667,risky
250789a9-a3e2-429d-ae33-cc5b8a2f3751,6,60,6,4,0.6666666666666666,764.0,895.3333333333334,30,25,5,0.5,0.4166666666666667,0.08333333333333333,risky
25478c60-be06-4f3e-b539-587891c52c98,6,48,10,6,0.6,328.0,409.4583333333333,22,23,3,0.4583333333333333,0.4791666666666667,0.0625,bad
25585e68-8f32-4857-bb16-1f497150e21b,10,98,20,14,0.7,379.0,351.734693877551,50,39,9,0.5102040816326531,0.3979591836734694,0.09183673469387756,risky
258f1d81-0875-4df1-b47a-29dcf7af5688,4,40,8,3,0.375,353.5,335.25,25,15,0,0.625,0.375,0.0,bad
25e7e49e-2799-4c51-8a63-69cabf23f378,17,170,17,13,0.7647058823529411,317.0,376.47058823529414,91,77,2,0.5352941176470588,0.45294117647058824,0.011764705882352941,risky
261ce51e-78ed-4ad6-b42e-8187fd797a1c,9,90,18,14,0.7777777777777778,237.0,257.1111111111111,50,37,3,0.5555555555555556,0.4111111111111111,0.03333333333333333,risky
263bbf14-6a11-4ac0-9e38-acdead02e363,6,60,12,8,0.6666666666666666,299.5,312.6666666666667,37,21,2,0.6166666666666667,0.35,0.03333333333333333,risky
263e781a-cee6-4807-8878-650fb288ef2e,5,50,5,5,1.0,652.0,655.0,21,25,4,0.42,0.5,0.08,good
26403d84-0846-47ff-8ee7-baf46dd4b77f,3,15,3,1,0.3333333333333333,148.0,160.66666666666666,10,5,0,0.6666666666666666,0.3333333333333333,0.0,unknown_low_controls
265de9ff-29fe-45ff-bdca-80369862f78f,23,230,23,18,0.782608695652174,335.0,385.7391304347826,121,97,12,0.5260869565217391,0.4217391304347826,0.05217391304347826,risky
267b982a-cc06-4e11-b3ee-8c8ad88864a6,12,120,12,9,0.75,659.0,665.4166666666666,53,58,9,0.44166666666666665,0.48333333333333334,0.075,risky
26a01b51-5389-4b6f-b79d-0d8ac63c9f12,5,50,7,4,0.5714285714285714,346.0,563.0,18,26,6,0.36,0.52,0.12,bad
26f80642-6bb6-46b0-a1f9-07809ba002ee,19,95,19,15,0.7894736842105263,195.0,222.52631578947367,46,42,7,0.4842105263157895,0.4421052631578947,0.07368421052631578,risky
27999878-0191-42a9-8d0b-e6e83929498d,14,140,14,10,0.7142857142857143,174.0,183.42857142857142,72,55,13,0.5142857142857142,0.39285714285714285,0.09285714285714286,risky
27ab0f14-bd8d-4e72-b452-1f083499f8bb,10,100,10,6,0.6,434.0,442.2,66,31,3,0.66,0.31,0.03,bad
27d006fc-ee86-4a6c-a58a-e9fef3f0028e,4,39,8,5,0.625,374.0,556.7435897435897,30,9,0,0.7692307692307693,0.23076923076923078,0.0,bad
28025920-96f9-4d11-a4b5-898e319e5773,21,195,41,33,0.8048780487804879,336.0,442.53846153846155,114,76,5,0.5846153846153846,0.38974358974358975,0.02564102564102564,risky
284ce8ac-1fd8-4e3e-ab61-4cd6035dbfe9,44,440,44,37,0.8409090909090909,344.0,417.70454545454544,269,160,11,0.6113636363636363,0.36363636363636365,0.025,risky
28bd1e80-34d3-436b-87c9-1c46ce419233,3,30,6,3,0.5,375.0,369.3333333333333,18,12,0,0.6,0.4,0.0,bad
28e3ebc0-156a-4031-a938-546273593bdf,20,200,32,26,0.8125,366.0,361.9,96,88,16,0.48,0.44,0.08,risky
2907e2c3-b10d-43b7-acf9-139a6dc06353,17,170,34,28,0.8235294117647058,219.0,278.47058823529414,69,85,16,0.40588235294117647,0.5,0.09411764705882353,risky
290b68ac-2cac-4c5f-ac1a-64c458cf9e01,33,318,46,41,0.8913043478260869,447.0,507.2704402515723,178,134,6,0.559748427672956,0.42138364779874216,0.018867924528301886,good
2955927f-4521-4153-af75-6611156b72ce,12,120,18,14,0.7777777777777778,262.5,303.6666666666667,66,50,4,0.55,0.4166666666666667,0.03333333333333333,risky
295b7403-8971-4b00-a874-e25154b4456e,15,150,15,11,0.7333333333333333,471.0,508.53333333333336,112,29,9,0.7466666666666667,0.19333333333333333,0.06,risky
296a3795-72d2-4793-8ddb-df349ac9a09a,9,90,9,6,0.6666666666666666,331.0,345.0,59,29,2,0.6555555555555556,0.32222222222222224,0.022222222222222223,risky
2998d614-dbc2-4550-80ce-edd220f0a197,1,10,1,0,0.0,192.0,192.0,5,5,0,0.5,0.5,0.0,unknown_low_controls
29f1e5b1-0196-423f-a81c-1a49f239d22e,10,86,11,7,0.6363636363636364,274.0,308.9767441860465,38,46,2,0.4418604651162791,0.5348837209302325,0.023255813953488372,bad
29f4c924-4770-4b0a-8f6a-de9370a75e80,8,40,8,4,0.5,634.0,639.625,21,17,2,0.525,0.425,0.05,bad
2a018563-3253-4d4a-89af-33a10141c69f,12,65,12,9,0.75,553.0,667.0769230769231,35,27,3,0.5384615384615384,0.4153846153846154,0.046153846153846156,risky
2a395abb-c9bb-4f93-990b-39042f244781,10,100,20,16,0.8,420.5,489.5,62,34,4,0.62,0.34,0.04,risky
2a8fbed8-0325-4a2b-9d6d-3a3db63c9c4c,1,10,1,0,0.0,244.0,244.0,8,1,1,0.8,0.1,0.1,unknown_low_controls
2a9618ac-d544-4dcd-9688-976dafd35f95,5,50,10,6,0.6,395.0,433.8,23,24,3,0.46,0.48,0.06,bad
2a9a3347-5f87-461b-9e53-4358dfaca3d3,10,100,10,7,0.7,678.0,700.0,64,31,5,0.64,0.31,0.05,risky
2b46e694-59ae-4b91-b772-8fc36859fd73,6,60,12,8,0.6666666666666666,235.5,236.33333333333334,31,23,6,0.5166666666666667,0.38333333333333336,0.1,risky
2b6060df-2e63-489f-a74b-b275f26641bd,2,20,4,1,0.25,492.5,492.5,12,5,3,0.6,0.25,0.15,unknown_low_controls
2b6a292c-4f60-4184-8a8a-28bf4397b3e2,8,40,8,5,0.625,359.0,349.375,20,17,3,0.5,0.425,0.075,bad
2bac5149-3d62-4de1-bdf0-cb9b5b9ad169,10,100,10,7,0.7,191.5,194.6,56,41,3,0.56,0.41,0.03,risky
2bb7123e-039d-4ddc-ace1-9b3600c9053e,4,40,8,6,0.75,237.5,247.0,26,11,3,0.65,0.275,0.075,risky
2c5acc66-1da1-45ce-be1b-766ee5a3efb9,5,50,10,7,0.7,302.0,382.4,24,23,3,0.48,0.46,0.06,risky
2c5de7e0-6a91-4eb0-a4e2-57b8fb15e2ea,6,57,6,2,0.3333333333333333,469.0,355.9824561403509,51,6,0,0.8947368421052632,0.10526315789473684,0.0,bad
2c709ff8-56c1-4774-a2cb-05763ab93c94,10,100,20,15,0.75,555.5,625.6,61,35,4,0.61,0.35,0.04,risky
2c899440-a317-4077-a92d-ad42ea752d6f,22,220,44,36,0.8181818181818182,434.0,590.2727272727273,132,68,20,0.6,0.3090909090909091,0.09090909090909091,risky
2ca03e66-0481-47b7-b7fa-38f934c09052,5,50,10,6,0.6,614.0,632.6,29,17,4,0.58,0.34,0.08,bad
2ca7e283-39b1-478f-80c6-8bcae9e595ef,2,20,4,2,0.5,169.0,169.0,14,6,0,0.7,0.3,0.0,unknown_low_controls
2ca935ea-a889-407f-9ecd-0cd00922dcaf,6,60,12,9,0.75,439.0,542.0,37,22,1,0.6166666666666667,0.36666666666666664,0.016666666666666666,risky
2d0190de-544c-4400-b8f7-5533004b5330,6,60,6,3,0.5,280.5,319.8333333333333,35,21,4,0.5833333333333334,0.35,0.06666666666666667,bad
2d0f8db4-dba5-47cc-8972-ef72ad1755bc,2,20,4,0,0.0,109.0,109.0,11,7,2,0.55,0.35,0.1,unknown_low_controls
2d137b89-b894-4500-8508-76f66c817ca5,14,70,14,10,0.7142857142857143,272.0,342.7857142857143,36,31,3,0.5142857142857142,0.44285714285714284,0.04285714285714286,risky
2d571414-d5b0-4692-ad0a-c7b21ab9805f,23,230,24,18,0.75,328.0,393.6521739130435,123,91,16,0.5347826086956522,0.39565217391304347,0.06956521739130435,risky
2d6ff99b-5acd-4d45-bc5a-3b97370ae3c6,4,40,8,4,0.5,453.5,434.5,32,6,2,0.8,0.15,0.05,bad
2d7a63bf-0b10-48e8-96d4-50de33c4b41d,35,270,35,30,0.8571428571428571,411.0,406.77777777777777,132,134,4,0.4888888888888889,0.4962962962962963,0.014814814814814815,good
2daf4b4b-2f4d-4d8d-a531-c6d03c15f43d,10,100,20,14,0.7,270.0,474.6,56,42,2,0.56,0.42,0.02,risky
2daf9d0a-bf67-47cd-abf7-ebe4b6a5698d,7,70,14,9,0.6428571428571429,129.0,143.71428571428572,47,21,2,0.6714285714285714,0.3,0.02857142857142857,bad
2df23e44-892a-4418-9fdb-9ec7bb30d77c,7,70,13,9,0.6923076923076923,396.0,458.14285714285717,30,33,7,0.42857142857142855,0.4714285714285714,0.1,risky
2dfe8e47-b047-4969-a7c2-08f34b1c0e99,21,210,32,26,0.8125,456.0,481.3333333333333,111,89,10,0.5285714285714286,0.4238095238095238,0.047619047619047616,risky
2e04ca88-1e03-4bca-b445-8695e3aa9522,4,40,8,5,0.625,323.0,323.5,23,17,0,0.575,0.425,0.0,bad
2e09dded-4aa9-49e7-86d2-aa4f1e4eb99e,16,152,27,21,0.7777777777777778,485.0,464.5131578947368,90,57,5,0.5921052631578947,0.375,0.03289473684210526,risky
2e191965-8347-4d99-9bca-347da254e936,6,30,6,6,1.0,163.0,167.66666666666666,13,16,1,0.43333333333333335,0.5333333333333333,0.03333333333333333,good
2e23a2e0-33d4-4a10-b85b-9dfbffa37de3,14,140,28,24,0.8571428571428571,690.0,696.1428571428571,79,56,5,0.5642857142857143,0.4,0.03571428571428571,good
2e2c373e-3286-4a30-ad61-0539a0d6a78f,3,30,3,1,0.3333333333333333,559.0,472.3333333333333,14,14,2,0.4666666666666667,0.4666666666666667,0.06666666666666667,unknown_low_controls
2e54e9c1-a80c-492c-9f17-309b28643357,8,80,10,6,0.6,233.5,299.625,54,24,2,0.675,0.3,0.025,bad
2e562f0f-cc74-420d-b5cd-8e2bfdc72901,1,10,2,1,0.5,280.0,280.0,5,5,0,0.5,0.5,0.0,unknown_low_controls
2e9c4985-02e2-4899-ae37-4e478a267dcc,6,60,12,9,0.75,510.5,610.0,25,32,3,0.4166666666666667,0.5333333333333333,0.05,risky
2ea1b009-a3f9-4d70-8989-6197a7c7d8ce,8,80,16,12,0.75,417.5,413.875,30,31,19,0.375,0.3875,0.2375,risky
2eccc938-c95e-48f5-bdb8-1841c0a2de7e,3,30,6,3,0.5,396.0,345.3333333333333,14,14,2,0.4666666666666667,0.4666666666666667,0.06666666666666667,bad
2ef56919-d1a3-43c5-ac83-5e0118d66627,8,80,16,12,0.75,784.5,818.5,44,36,0,0.55,0.45,0.0,risky
2efab4f8-1768-45bf-991f-2d47bb48f678,4,40,8,5,0.625,335.5,355.25,16,22,2,0.4,0.55,0.05,bad
2f0dfc2f-9b64-4dc2-9245-b4000f486e7f,5,50,10,7,0.7,573.0,556.4,24,23,3,0.48,0.46,0.06,risky
2f9215d9-ee0e-4dfe-904a-4db280532cde,13,130,13,9,0.6923076923076923,537.0,588.3846153846154,77,51,2,0.5923076923076923,0.3923076923076923,0.015384615384615385,risky
2f96c700-c08d-44e2-84e4-2da7ac335bcd,17,170,34,29,0.8529411764705882,257.0,269.11764705882354,88,77,5,0.5176470588235295,0.45294117647058824,0.029411764705882353,good
2f9957ae-5091-4e3f-8335-aa850cdb436c,3,30,3,1,0.3333333333333333,755.0,969.3333333333334,18,11,1,0.6,0.36666666666666664,0.03333333333333333,unknown_low_controls
2fc4a46b-ed5a-47db-82e1-312d1b8e1f07,4,40,4,3,0.75,777.0,755.0,33,6,1,0.825,0.15,0.025,unknown_low_controls
2fd3f107-d0b4-4bac-9cac-7d76d710998e,5,50,9,5,0.5555555555555556,203.0,205.0,34,14,2,0.68,0.28,0.04,bad
2ff9eb64-8d4f-4390-a18f-713f50c9a94f,8,80,16,12,0.75,443.0,503.875,48,32,0,0.6,0.4,0.0,risky
2ffbb397-d206-4527-ab96-21d820d9a208,8,80,8,8,1.0,486.0,589.5,41,37,2,0.5125,0.4625,0.025,good
303ffbad-c7f1-4ea5-b6ef-0ecc5ee1cc69,4,40,4,3,0.75,364.0,365.75,30,10,0,0.75,0.25,0.0,unknown_low_controls
30536d58-ca4b-4ace-b832-8cbe8951715f,3,30,6,3,0.5,197.0,199.0,26,4,0,0.8666666666666667,0.13333333333333333,0.0,bad
305df70d-7ae9-4394-9159-6ee014b0809b,9,90,18,13,0.7222222222222222,190.0,423.55555555555554,42,48,0,0.4666666666666667,0.5333333333333333,0.0,risky
306f576a-ab85-4b08-bf1e-af7a75c0e9f9,9,90,10,7,0.7,649.0,664.4444444444445,55,33,2,0.6111111111111112,0.36666666666666664,0.022222222222222223,risky
30857b9e-de2e-4bbc-ae31-31b326aa9463,18,180,18,14,0.7777777777777778,529.0,561.1666666666666,96,71,13,0.5333333333333333,0.39444444444444443,0.07222222222222222,risky
308780ad-4f00-4268-bbcf-86d10c3537b9,10,100,10,7,0.7,547.5,572.5,61,36,3,0.61,0.36,0.03,risky
30af156f-e570-4c22-ae06-4b234bbf89d3,6,60,12,9,0.75,449.5,459.6666666666667,34,23,3,0.5666666666666667,0.38333333333333336,0.05,risky
30c04751-c513-425a-b7ca-34c3abc6658d,1,10,2,0,0.0,1616.0,1616.0,6,4,0,0.6,0.4,0.0,unknown_low_controls
30d67210-f82b-4205-9300-d77af123b212,11,110,22,18,0.8181818181818182,148.0,147.0,79,26,5,0.7181818181818181,0.23636363636363636,0.045454545454545456,risky
30d85a21-7e26-4d2e-b62f-92ef3f6f63e6,20,200,40,32,0.8,383.0,497.25,114,77,9,0.57,0.385,0.045,risky
30e02d42-402e-40a3-b779-f82e65cbcabf,9,90,9,7,0.7777777777777778,241.0,244.0,48,37,5,0.5333333333333333,0.4111111111111111,0.05555555555555555,risky
30e75fa3-519d-470f-b73d-ce13d930d04c,3,30,6,3,0.5,425.0,464.0,18,12,0,0.6,0.4,0.0,bad
30fec9f0-4d57-47f5-9a67-869f002834fd,3,30,6,3,0.5,453.0,459.6666666666667,16,10,4,0.5333333333333333,0.3333333333333333,0.13333333333333333,bad
311f4581-7d29-4234-afd5-a4dd8fec9c4c,5,50,10,6,0.6,702.0,809.6,32,14,4,0.64,0.28,0.08,bad
3128fa5b-d92b-462d-a963-9cca121aa6e1,4,40,8,7,0.875,257.0,262.25,14,24,2,0.35,0.6,0.05,good
31424c1b-1bfe-4acd-b7b5-8198bee04ec0,4,40,4,3,0.75,253.5,261.25,20,15,5,0.5,0.375,0.125,unknown_low_controls
31467b20-3585-4648-a9ce-c4aa4778944b,18,180,18,13,0.7222222222222222,131.0,142.66666666666666,119,51,10,0.6611111111111111,0.2833333333333333,0.05555555555555555,risky
315aa9d1-5e43-43c9-b59c-f67878191ea3,19,190,23,18,0.782608695652174,256.0,336.4736842105263,100,80,10,0.5263157894736842,0.42105263157894735,0.05263157894736842,risky
31a2636b-1aaa-470f-8ed6-7012d6e3f9de,13,128,18,14,0.7777777777777778,485.0,510.796875,62,62,4,0.484375,0.484375,0.03125,risky
31d50b0d-fa4a-4d8f-98f7-3a5f9efa76b5,14,140,14,10,0.7142857142857143,324.0,390.7857142857143,67,63,10,0.4785714285714286,0.45,0.07142857142857142,risky
31f0bc7b-077d-46c7-a972-930b2798de17,10,100,20,16,0.8,337.0,355.2,69,27,4,0.69,0.27,0.04,risky
31faa3f0-381b-4560-b667-06962d2b5487,6,45,6,3,0.5,468.0,440.8888888888889,24,18,3,0.5333333333333333,0.4,0.06666666666666667,bad
31fddc55-9da9-422c-b499-aba9a03dcb76,9,90,9,5,0.5555555555555556,319.0,370.3333333333333,55,29,6,0.6111111111111112,0.32222222222222224,0.06666666666666667,bad
3222ca77-e30e-4f3c-84de-a4889d5d1956,12,120,24,20,0.8333333333333334,300.5,304.9166666666667,57,55,8,0.475,0.4583333333333333,0.06666666666666667,risky
32517ad0-dae9-4f5f-a6ca-db473e6883db,5,50,9,6,0.6666666666666666,531.0,713.4,39,11,0,0.78,0.22,0.0,risky
326fed70-2623-497d-95f2-6d1acb84ad9a,5,50,5,2,0.4,476.0,562.6,36,8,6,0.72,0.16,0.12,bad
3280a6a2-0356-42a2-ae3f-59a51ad56bae,7,70,14,10,0.7142857142857143,243.0,336.14285714285717,28,35,7,0.4,0.5,0.1,risky
3294ac72-3024-4f65-af3f-191dd2715c82,13,130,19,15,0.7894736842105263,273.0,275.15384615384613,78,42,10,0.6,0.3230769230769231,0.07692307692307693,risky
32e56f6f-b643-4a9d-b8b2-9aeb792eea23,5,25,5,3,0.6,304.0,354.0,16,8,1,0.64,0.32,0.04,bad
32ee8a5b-2133-4edb-a69a-742676464e87,2,20,2,1,0.5,297.0,297.0,12,6,2,0.6,0.3,0.1,unknown_low_controls
32fc3c48-f1a5-4205-b39c-d06b0bdda21e,3,30,6,3,0.5,50.0,64.66666666666667,28,1,1,0.9333333333333333,0.03333333333333333,0.03333333333333333,bad
331df2c8-997e-4434-b563-b5fe29344318,10,100,20,15,0.75,131.0,133.8,66,31,3,0.66,0.31,0.03,risky
335595e6-8bf6-4ceb-9553-5d5437a74585,17,170,34,28,0.8235294117647058,522.0,625.7058823529412,79,78,13,0.4647058823529412,0.4588235294117647,0.07647058823529412,risky
339abda3-087c-42f2-8bfb-6a50d398b385,2,20,4,2,0.5,1258.5,1258.5,14,5,1,0.7,0.25,0.05,unknown_low_controls
33b3123b-b648-46f1-9323-573e77970144,7,70,14,10,0.7142857142857143,233.0,580.7142857142857,33,36,1,0.4714285714285714,0.5142857142857142,0.014285714285714285,risky
33b522eb-2fe1-4841-ae53-35ae5ff74458,8,80,10,8,0.8,466.5,479.75,47,31,2,0.5875,0.3875,0.025,risky
33dd8e14-4d93-46e2-a0e2-1825f0df351a,1,10,2,1,0.5,1264.0,1264.0,4,5,1,0.4,0.5,0.1,unknown_low_controls
33ddee8e-54fc-4e49-8c91-7a8316f11041,3,30,6,6,1.0,267.0,255.66666666666666,15,15,0,0.5,0.5,0.0,good
33de5577-45c9-4a6d-85ab-340a9f428867,6,60,12,8,0.6666666666666666,67.5,231.5,55,5,0,0.9166666666666666,0.08333333333333333,0.0,risky
33f82994-fe5a-4d3f-a27c-ba12b7bbba9f,7,70,7,5,0.7142857142857143,313.0,322.57142857142856,29,36,5,0.4142857142857143,0.5142857142857142,0.07142857142857142,risky
341f5e48-a302-41d9-b96c-9e1172664253,6,60,9,6,0.6666666666666666,711.0,867.6666666666666,35,25,0,0.5833333333333334,0.4166666666666667,0.0,risky
34508ec4-14ce-4244-97f9-76504539a949,15,100,15,14,0.9333333333333333,486.0,429.0,54,41,5,0.54,0.41,0.05,good
3483c36b-3c67-4716-a1ca-7cefd45851f1,3,30,6,4,0.6666666666666666,182.0,312.6666666666667,19,8,3,0.6333333333333333,0.26666666666666666,0.1,risky
3496dfa0-6d4b-4515-90c5-90e3f37071d4,11,110,22,18,0.8181818181818182,916.0,958.0909090909091,63,46,1,0.5727272727272728,0.41818181818181815,0.00909090909090909,risky
34ab394a-d896-4007-931d-443c1c502037,3,30,6,4,0.6666666666666666,411.0,526.6666666666666,14,16,0,0.4666666666666667,0.5333333333333333,0.0,risky
34fcce75-0c44-421f-b3d4-0be416f1dcaf,18,90,18,14,0.7777777777777778,83.0,108.27777777777777,52,34,4,0.5777777777777777,0.37777777777777777,0.044444444444444446,risky
352c9cce-0b11-4ea4-9af4-5954be6bccf8,2,20,2,1,0.5,445.5,445.5,16,4,0,0.8,0.2,0.0,unknown_low_controls
35343fa7-850b-4b07-afb2-460d0f3cd9aa,7,63,10,6,0.6,209.0,233.03174603174602,42,20,1,0.6666666666666666,0.31746031746031744,0.015873015873015872,bad
354465aa-dcb0-48ac-a92b-7f3662e57a2a,9,90,9,5,0.5555555555555556,404.0,486.3333333333333,48,37,5,0.5333333333333333,0.4111111111111111,0.05555555555555555,bad
3593b121-c0f4-44ee-a329-b80659b218bf,9,90,18,14,0.7777777777777778,188.0,194.88888888888889,49,35,6,0.5444444444444444,0.3888888888888889,0.06666666666666667,risky
35a2c3d4-14e7-41a0-957f-e945fa5b448b,10,100,10,6,0.6,398.5,416.4,68,25,7,0.68,0.25,0.07,bad
35b705c1-2ee2-4bea-8a0d-f853cb66fbf4,1,10,1,0,0.0,428.0,428.0,7,3,0,0.7,0.3,0.0,unknown_low_controls
35c81d63-2845-4d86-a208-598831f70eed,1,10,2,0,0.0,434.0,434.0,8,2,0,0.8,0.2,0.0,unknown_low_controls
35da7188-d4f6-484d-aa54-b0da601ae511,3,30,6,2,0.3333333333333333,152.0,222.33333333333334,20,10,0,0.6666666666666666,0.3333333333333333,0.0,bad
35f06839-44ad-4761-8346-d26cdf672d93,1,10,2,1,0.5,585.0,585.0,5,4,1,0.5,0.4,0.1,unknown_low_controls
35f6eeff-412a-41a4-86c2-72b91c95e4ba,1,10,2,2,1.0,370.0,370.0,6,4,0,0.6,0.4,0.0,unknown_low_controls
360efb1f-3d01-428e-ab64-767de74081e8,13,130,26,21,0.8076923076923077,556.0,569.4615384615385,66,61,3,0.5076923076923077,0.46923076923076923,0.023076923076923078,risky
361fbd3c-0ec8-489b-a2eb-6d82c344dab6,4,40,8,4,0.5,996.0,954.75,25,13,2,0.625,0.325,0.05,bad
3639d8cd-b078-4fc8-a136-03e085da46b4,6,60,12,8,0.6666666666666666,303.0,305.5,28,30,2,0.4666666666666667,0.5,0.03333333333333333,risky
3642b850-2295-4e93-a96a-843990f1c652,20,200,20,15,0.75,603.0,602.85,97,97,6,0.485,0.485,0.03,risky
36447af1-80aa-42c2-8314-93df3fac8676,4,40,8,5,0.625,455.0,464.0,22,16,2,0.55,0.4,0.05,bad
364e9b4c-cf76-4cf8-abe7-ced93a1a8e79,4,40,8,6,0.75,163.5,166.75,21,16,3,0.525,0.4,0.075,risky
3677408b-a62e-4d10-8a21-f318b57dc9b4,30,150,30,23,0.7666666666666667,161.5,178.4,79,70,1,0.5266666666666666,0.4666666666666667,0.006666666666666667,risky
367b9575-79b3-427c-b991-b5b39d6c1ffc,53,523,79,67,0.8481012658227848,300.0,326.395793499044,270,243,10,0.5162523900573613,0.4646271510516252,0.019120458891013385,risky
36862f72-0c1c-4bd8-b7fd-9038bd47fcd1,10,100,20,15,0.75,556.0,661.2,76,22,2,0.76,0.22,0.02,risky
36cdb373-5be3-43bf-9982-5a5e19b92124,10,100,13,10,0.7692307692307693,379.5,384.4,63,30,7,0.63,0.3,0.07,risky
36dbd29f-7e36-4ec9-9b10-f9bb0244d2d5,1,10,1,0,0.0,399.0,399.0,7,2,1,0.7,0.2,0.1,unknown_low_controls
36ef0617-c132-42c5-a146-5062a50873f1,13,130,13,9,0.6923076923076923,474.0,531.4615384615385,80,47,3,0.6153846153846154,0.36153846153846153,0.023076923076923078,risky
36fb9b70-f12d-419e-93ed-ac89dfab156e,5,50,8,5,0.625,535.0,480.0,25,21,4,0.5,0.42,0.08,bad
3717b3e4-97b3-4935-876e-7e18d329b9d3,4,40,8,5,0.625,1216.5,1244.5,21,15,4,0.525,0.375,0.1,bad
37780951-c53d-4522-903d-d8872db56e1d,3,26,6,3,0.5,347.0,369.3076923076923,11,12,3,0.4230769230769231,0.46153846153846156,0.11538461538461539,bad
379e896c-e1b8-49fa-a817-ca044f00468e,8,80,12,8,0.6666666666666666,452.0,503.25,48,30,2,0.6,0.375,0.025,risky
37b2790e-636a-483a-bc1d-0ac45c566486,7,70,14,9,0.6428571428571429,253.0,394.14285714285717,48,22,0,0.6857142857142857,0.3142857142857143,0.0,bad
37e8c245-2463-4465-9270-e518032a2978,18,180,18,14,0.7777777777777778,514.5,590.3333333333334,91,84,5,0.5055555555555555,0.4666666666666667,0.027777777777777776,risky
38096d3b-524d-4749-beb2-962c3898a21d,5,50,5,3,0.6,324.0,353.8,24,21,5,0.48,0.42,0.1,bad
383a49f6-8779-41c0-b833-eef0961c0a86,4,40,8,6,0.75,438.0,429.25,24,16,0,0.6,0.4,0.0,risky
385a127f-c05b-4138-bf46-9a0cad0d95e4,5,50,10,6,0.6,414.0,433.2,25,21,4,0.5,0.42,0.08,bad
385caf6b-8e41-440f-a7e5-704d0e650250,14,140,14,11,0.7857142857142857,523.0,583.1428571428571,80,55,5,0.5714285714285714,0.39285714285714285,0.03571428571428571,risky
38729c8c-96ca-468f-86ef-032c37697990,3,25,6,3,0.5,257.0,331.0,12,13,0,0.48,0.52,0.0,bad
38c29f75-a796-4ebd-8152-b7eb95509622,10,100,20,15,0.75,317.5,359.5,53,45,2,0.53,0.45,0.02,risky
38d0286e-d8df-42e2-b627-737efddb8b78,14,140,14,10,0.7142857142857143,207.5,210.14285714285714,68,64,8,0.4857142857142857,0.45714285714285713,0.05714285714285714,risky
38f10e20-7c84-4915-ad67-e927182af0b0,5,50,5,2,0.4,440.0,394.0,29,18,3,0.58,0.36,0.06,bad
3930a786-f297-4bc4-9526-d07572d1239f,7,70,14,10,0.7142857142857143,351.0,366.42857142857144,39,30,1,0.5571428571428572,0.42857142857142855,0.014285714285714285,risky
3949dff8-361a-4268-a14c-d86c1ad83fd6,22,220,22,18,0.8181818181818182,420.0,415.5,135,76,9,0.6136363636363636,0.34545454545454546,0.04090909090909091,risky
39693f59-1d97-4bd5-8beb-0974fedfa4f3,11,110,17,13,0.7647058823529411,440.0,566.6363636363636,67,40,3,0.6090909090909091,0.36363636363636365,0.02727272727272727,risky
39705915-36b7-4652-bfb6-14cd2dea4b4c,26,260,26,21,0.8076923076923077,258.5,284.65384615384613,158,90,12,0.6076923076923076,0.34615384615384615,0.046153846153846156,risky
3975404c-a943-4ee8-865b-02959a04fa4f,5,50,10,7,0.7,457.0,486.8,26,18,6,0.52,0.36,0.12,risky
397ee196-fb88-4cc6-8cd5-4adf56867174,1,10,2,1,0.5,251.0,251.0,8,2,0,0.8,0.2,0.0,unknown_low_controls
399fc5ff-7f35-41fa-9b75-38bc4579a5df,8,80,16,12,0.75,384.0,483.75,33,41,6,0.4125,0.5125,0.075,risky
39a36deb-a0e2-4bc1-bf13-01ea894ff425,9,90,18,16,0.8888888888888888,217.0,221.44444444444446,50,38,2,0.5555555555555556,0.4222222222222222,0.022222222222222223,good
39aa62be-2e3c-4b8d-bc6f-bad887433534,8,80,16,12,0.75,777.0,768.5,40,34,6,0.5,0.425,0.075,risky
39da14f0-b66c-4fbc-b206-3df1b66f28c4,5,50,10,6,0.6,234.0,293.4,15,22,13,0.3,0.44,0.26,bad
3a4aae55-7ea2-4ca2-93ba-fd08e2c57899,9,90,18,14,0.7777777777777778,387.0,430.55555555555554,48,36,6,0.5333333333333333,0.4,0.06666666666666667,risky
3a523fe3-de84-4f84-b875-6476a809f3cd,6,60,12,8,0.6666666666666666,179.5,195.33333333333334,33,22,5,0.55,0.36666666666666664,0.08333333333333333,risky
3a700ae3-1abe-4716-8cea-c4cdb618208f,5,50,10,6,0.6,811.0,874.8,33,17,0,0.66,0.34,0.0,bad
3a854219-67a3-4efd-96fb-21a14609729e,17,170,17,14,0.8235294117647058,247.0,269.4117647058824,77,81,12,0.45294117647058824,0.4764705882352941,0.07058823529411765,risky
3a86f8c1-9d73-4bb0-82a3-56c33c267630,7,70,14,10,0.7142857142857143,229.0,225.14285714285714,31,22,17,0.44285714285714284,0.3142857142857143,0.24285714285714285,risky
3aa61a58-4cf2-4d10-ab05-c010d7dfa772,6,60,6,3,0.5,840.5,826.5,37,22,1,0.6166666666666667,0.36666666666666664,0.016666666666666666,bad
3acb074d-c07b-4aa7-9c89-c1766338612f,9,90,18,14,0.7777777777777778,155.0,176.66666666666666,52,34,4,0.5777777777777777,0.37777777777777777,0.044444444444444446,risky
3b247bdf-c99d-4ccd-9ca7-95c75154ff44,2,20,4,2,0.5,404.5,404.5,14,6,0,0.7,0.3,0.0,unknown_low_controls
3b353dbd-32f3-4210-9700-370aad8d28ce,2,20,2,1,0.5,339.5,339.5,8,10,2,0.4,0.5,0.1,unknown_low_controls
3b57b8c0-db44-4011-8141-9527251a3422,5,50,7,4,0.5714285714285714,416.0,461.8,23,23,4,0.46,0.46,0.08,bad
3b6417e0-2865-4563-ba50-9467a6e008f3,30,297,30,24,0.8,253.0,269.4141414141414,187,105,5,0.6296296296296297,0.35353535353535354,0.016835016835016835,risky
3b746ffe-5859-4278-83ce-b5d0d453a02c,6,60,6,4,0.6666666666666666,583.0,759.8333333333334,35,23,2,0.5833333333333334,0.38333333333333336,0.03333333333333333,risky
3b9afff5-67f5-429b-890d-665406fb2299,10,100,12,8,0.6666666666666666,172.5,173.7,72,27,1,0.72,0.27,0.01,risky
3bb52a18-79be-46a9-b1bc-cd4acf71bc56,5,50,10,6,0.6,134.0,128.6,35,15,0,0.7,0.3,0.0,bad
3bba6a3e-6116-4cdb-8dc5-a8d138445597,2,20,4,0,0.0,99.0,99.0,15,1,4,0.75,0.05,0.2,unknown_low_controls
3bc89316-e379-43ca-aa77-0366f41fcbdd,29,290,36,30,0.8333333333333334,1064.0,1029.9655172413793,153,130,7,0.5275862068965518,0.4482758620689655,0.02413793103448276,risky
3bd1f520-4195-4caa-90a5-fa82b2d9eea3,7,70,14,9,0.6428571428571429,246.0,257.0,44,25,1,0.6285714285714286,0.35714285714285715,0.014285714285714285,bad
3bd3b6c2-fbe2-4a94-8c3e-aa19d4ce00e8,1,10,1,0,0.0,35.0,35.0,7,3,0,0.7,0.3,0.0,unknown_low_controls
3be3c19d-3928-403a-9127-ced7fb7a2307,7,70,7,4,0.5714285714285714,727.0,777.2857142857143,36,31,3,0.5142857142857142,0.44285714285714284,0.04285714285714286,bad
3c0a212d-4d32-4164-a607-a6a0d0a5d2bf,26,260,52,45,0.8653846153846154,320.5,368.2692307692308,131,115,14,0.5038461538461538,0.4423076923076923,0.05384615384615385,good
3c335de4-322e-4522-ac86-4f89daaed821,12,120,22,18,0.8181818181818182,248.5,258.0,73,46,1,0.6083333333333333,0.38333333333333336,0.008333333333333333,risky
3c67e2db-d43e-4275-ab17-5a86294dcf12,8,80,16,12,0.75,176.5,184.625,16,44,20,0.2,0.55,0.25,risky
3c77f649-1060-4f4f-b2a2-cd285a3c8c63,12,120,24,17,0.7083333333333334,650.0,697.5,58,55,7,0.48333333333333334,0.4583333333333333,0.058333333333333334,risky
3c97df37-c2b8-4d82-9a81-6f21685dfee7,10,85,14,11,0.7857142857142857,388.0,409.47058823529414,46,31,8,0.5411764705882353,0.36470588235294116,0.09411764705882353,risky
3c99a85e-28c0-47f5-86ad-747ae8bf9cdf,5,50,8,4,0.5,190.0,223.6,31,17,2,0.62,0.34,0.04,bad
3c9ff4f0-b522-4dd6-93d6-1cfdc1fabf11,15,75,15,11,0.7333333333333333,376.0,441.0,30,43,2,0.4,0.5733333333333334,0.02666666666666667,risky
3ca9145a-b233-48ed-8f06-51b72eceddab,7,70,14,10,0.7142857142857143,279.0,286.85714285714283,49,18,3,0.7,0.2571428571428571,0.04285714285714286,risky
3cddb116-0c7d-4097-b4cd-9e6791f32377,9,90,18,14,0.7777777777777778,482.0,499.1111111111111,44,43,3,0.4888888888888889,0.4777777777777778,0.03333333333333333,risky
3d167bec-2c74-4a13-ac25-8e41fa7dd19b,14,140,25,20,0.8,511.0,540.7142857142857,70,63,7,0.5,0.45,0.05,risky
3d251150-1ec1-425e-bbda-f8eabe3553b4,7,70,14,10,0.7142857142857143,397.0,464.0,29,35,6,0.4142857142857143,0.5,0.08571428571428572,risky
3d50299f-2cb5-4cb7-a0f5-05275bdfcba9,4,40,4,2,0.5,260.5,258.0,18,18,4,0.45,0.45,0.1,unknown_low_controls
3d6e4f75-832d-46a4-95a9-eaf5eb059a39,5,50,10,6,0.6,800.0,785.4,31,18,1,0.62,0.36,0.02,bad
3d74ac42-1772-4286-ad58-f0169eb2b42c,3,30,6,4,0.6666666666666666,349.0,438.3333333333333,17,9,4,0.5666666666666667,0.3,0.13333333333333333,risky
3d76004c-741a-408e-81ea-6c485ca6268c,4,40,8,3,0.375,132.5,127.25,25,9,6,0.625,0.225,0.15,bad
3d9ce5c1-70c3-44e6-8104-c297689ea72a,10,90,20,16,0.8,1161.5,1204.111111111111,64,26,0,0.7111111111111111,0.28888888888888886,0.0,risky
3db3dea4-cf29-4831-a8ef-1ace89a389df,6,60,12,7,0.5833333333333334,987.0,1098.0,33,27,0,0.55,0.45,0.0,bad
3dff3c9a-0e06-4836-9733-e78421c0f84f,9,90,18,14,0.7777777777777778,416.0,413.0,49,38,3,0.5444444444444444,0.4222222222222222,0.03333333333333333,risky
3e43e9d6-f1a7-4b70-9a64-18684187ee43,3,30,6,4,0.6666666666666666,414.0,482.3333333333333,25,5,0,0.8333333333333334,0.16666666666666666,0.0,risky
3e55babf-ca6f-4eca-96ed-d8b9bf6ad7eb,12,120,24,19,0.7916666666666666,228.0,296.75,47,57,16,0.39166666666666666,0.475,0.13333333333333333,risky
3e5c7cc2-34f9-425f-969b-bdbcd6aad068,6,60,12,7,0.5833333333333334,270.5,310.6666666666667,36,23,1,0.6,0.38333333333333336,0.016666666666666666,bad
3e73c325-54a2-4b67-9979-32b40cedb398,4,40,8,5,0.625,196.0,194.0,24,6,10,0.6,0.15,0.25,bad
3e80ec33-8b04-4967-811d-d22073595c47,9,90,9,5,0.5555555555555556,401.0,367.77777777777777,49,31,10,0.5444444444444444,0.34444444444444444,0.1111111111111111,bad
3e8cc7d2-2b5c-44bc-b27f-0f9d2b38f092,8,80,9,5,0.5555555555555556,239.0,365.75,53,24,3,0.6625,0.3,0.0375,bad
3ed75d56-5d9a-48d1-bf98-b2be4a118e5f,10,95,13,9,0.6923076923076923,321.0,325.2631578947368,38,52,5,0.4,0.5473684210526316,0.05263157894736842,risky
3ee1ece1-e65f-4428-9388-f0951ead4491,17,170,21,17,0.8095238095238095,217.0,220.2941176470588,91,72,7,0.5352941176470588,0.4235294117647059,0.041176470588235294,risky
3efc4de7-1d89-4615-b5fa-522c43a7a3e3,4,40,4,0,0.0,404.0,399.5,21,16,3,0.525,0.4,0.075,unknown_low_controls
3f08392a-b0dc-439a-a63e-148634c8b523,18,180,36,28,0.7777777777777778,689.5,902.8333333333334,99,77,4,0.55,0.42777777777777776,0.022222222222222223,risky
3f22f6a2-63f0-4e60-bc2d-d37c629b3811,5,50,10,6,0.6,362.0,660.4,37,13,0,0.74,0.26,0.0,bad
3f318c70-2b90-4535-9041-c8488f7fd2ce,14,140,28,24,0.8571428571428571,431.0,453.7142857142857,66,63,11,0.4714285714285714,0.45,0.07857142857142857,good
3f5ed163-4951-406e-acbc-f6a9102abf74,8,80,8,5,0.625,182.0,198.875,45,32,3,0.5625,0.4,0.0375,bad
3f67e479-0133-40e5-949b-2c02ff9b507e,6,60,12,9,0.75,1151.0,1221.3333333333333,38,21,1,0.6333333333333333,0.35,0.016666666666666666,risky
3f84d5e0-b262-4370-b026-38f02dd2bab8,1,10,2,0,0.0,282.0,282.0,7,3,0,0.7,0.3,0.0,unknown_low_controls
3f8ae329-3a3a-47e2-a817-a22130ff367e,18,180,18,14,0.7777777777777778,300.5,319.1666666666667,72,91,17,0.4,0.5055555555555555,0.09444444444444444,risky
3fd2b2ca-10a4-46bb-bbcf-275ef81d62e1,2,20,2,1,0.5,322.5,322.5,8,11,1,0.4,0.55,0.05,unknown_low_controls
3ffad795-bd29-48e2-a902-6b4e1b8a4920,3,30,6,4,0.6666666666666666,213.0,210.66666666666666,25,5,0,0.8333333333333334,0.16666666666666666,0.0,risky
40145149-6ac3-434d-9105-35c12efa4b68,19,100,19,15,0.7894736842105263,175.5,322.0,54,46,0,0.54,0.46,0.0,risky
406abde6-c215-49c1-8b71-7ee880552de0,8,80,10,7,0.7,337.0,436.875,49,26,5,0.6125,0.325,0.0625,risky
407b4ee5-d83d-498b-a4bc-17783a1cf796,4,40,8,4,0.5,449.0,460.75,21,17,2,0.525,0.425,0.05,bad
40addc7f-7f68-47c7-96b3-e649693796fb,35,350,35,30,0.8571428571428571,314.0,472.65714285714284,171,172,7,0.48857142857142855,0.49142857142857144,0.02,good
40beed5e-9d1b-4b88-bd4f-d2cc4eb05b1b,2,20,4,2,0.5,446.0,446.0,9,9,2,0.45,0.45,0.1,unknown_low_controls
40cfd087-0608-4371-a5cd-f8cbea28a97c,1,10,2,0,0.0,578.0,578.0,8,2,0,0.8,0.2,0.0,unknown_low_controls
40dd0a71-a912-4ba1-9a5c-ec3dc9ef0685,3,30,6,2,0.3333333333333333,203.0,187.66666666666666,23,7,0,0.7666666666666667,0.23333333333333334,0.0,bad
40df3909-5629-474f-82bb-100f4dd30cdc,3,30,6,2,0.3333333333333333,563.0,635.0,26,2,2,0.8666666666666667,0.06666666666666667,0.06666666666666667,bad
40eb5842-d0f4-4275-8ca8-e36aa64646bb,20,200,20,15,0.75,194.5,247.4,92,101,7,0.46,0.505,0.035,risky
4134b0a7-f974-48b3-b0d4-8b9538ebd1f3,13,130,15,12,0.8,402.0,481.53846153846155,66,56,8,0.5076923076923077,0.4307692307692308,0.06153846153846154,risky
41a5043e-ce40-4c34-968d-fed5b39b3faf,6,60,12,9,0.75,469.5,450.5,31,28,1,0.5166666666666667,0.4666666666666667,0.016666666666666666,risky
41b879d1-73ed-4b38-9b62-fbe55e37b973,12,120,12,8,0.6666666666666666,1004.0,954.0833333333334,55,59,6,0.4583333333333333,0.49166666666666664,0.05,risky
41f674dd-1cf3-4925-acb2-1e92e04d6176,10,100,20,15,0.75,407.0,525.4,53,47,0,0.53,0.47,0.0,risky
4221f987-51d6-4003-a0e4-074a2c90a8bd,7,70,7,3,0.42857142857142855,562.0,502.2857142857143,53,15,2,0.7571428571428571,0.21428571428571427,0.02857142857142857,bad
423f23c3-6238-44fe-bbb1-b1126164e041,8,80,12,8,0.6666666666666666,287.0,299.125,38,34,8,0.475,0.425,0.1,risky
4272d97c-2f21-49c4-83a8-a0207c151719,6,60,12,8,0.6666666666666666,339.0,352.6666666666667,37,19,4,0.6166666666666667,0.31666666666666665,0.06666666666666667,risky
42c9491a-3f33-4b4e-a53f-45004df607f1,5,50,5,2,0.4,224.0,232.2,24,22,4,0.48,0.44,0.08,bad
42d5291b-d651-45c4-a2fd-25be370890ec,1,10,2,1,0.5,374.0,374.0,7,2,1,0.7,0.2,0.1,unknown_low_controls
42d941ff-880b-4b17-ad97-228d5e052fcf,19,155,19,15,0.7894736842105263,658.0,571.258064516129,84,62,9,0.5419354838709678,0.4,0.05806451612903226,risky
42e834d9-ba79-4a34-9e8f-05e0dda54514,43,385,43,35,0.813953488372093,264.0,279.83116883116884,177,193,15,0.4597402597402597,0.5012987012987012,0.03896103896103896,risky
43131f9a-0093-482b-b601-cdd44a2756f0,16,160,16,12,0.75,328.5,308.6875,97,61,2,0.60625,0.38125,0.0125,risky
43205fda-0bdb-4617-be5f-196c8aac3e80,8,80,16,12,0.75,199.5,214.375,44,36,0,0.55,0.45,0.0,risky
4358b430-08aa-4072-a2d2-57c0e56b6ca3,1,10,1,0,0.0,218.0,218.0,4,5,1,0.4,0.5,0.1,unknown_low_controls
43d59d4d-f831-4a02-bb54-f81c050a5a6d,7,70,14,9,0.6428571428571429,420.0,481.0,49,17,4,0.7,0.24285714285714285,0.05714285714285714,bad
43da6c31-fe5f-4404-85ed-47b676b31af6,7,70,14,10,0.7142857142857143,208.0,229.57142857142858,54,14,2,0.7714285714285715,0.2,0.02857142857142857,risky
43e13408-d0f6-4e7f-9143-621d3bbc555c,9,90,9,5,0.5555555555555556,227.0,240.88888888888889,68,19,3,0.7555555555555555,0.2111111111111111,0.03333333333333333,bad
43e3993b-0bf1-43d2-b553-9f05a088e954,1,10,2,1,0.5,212.0,212.0,7,3,0,0.7,0.3,0.0,unknown_low_controls
43efeec0-48ca-4133-82f9-e18e4367f4e6,6,60,12,9,0.75,380.0,392.6666666666667,47,13,0,0.7833333333333333,0.21666666666666667,0.0,risky
43f7241f-1e2a-494f-9dd2-a7f03b628e3b,25,250,40,33,0.825,628.0,724.64,146,91,13,0.584,0.364,0.052,risky
43f78870-aea4-457d-9365-edd91ecc2e56,4,40,8,4,0.5,291.5,291.5,25,15,0,0.625,0.375,0.0,bad
441fbe80-ed98-4223-ae02-d90c77678f1c,9,90,9,5,0.5555555555555556,1313.0,1196.5555555555557,51,36,3,0.5666666666666667,0.4,0.03333333333333333,bad
446cddaa-9d3b-4e46-9b52-e8f25032ba93,4,40,8,5,0.625,446.0,520.75,23,15,2,0.575,0.375,0.05,bad
448ceb7e-23f7-4016-a187-da3611df633c,1,10,1,0,0.0,303.0,303.0,8,2,0,0.8,0.2,0.0,unknown_low_controls
449e1cf3-6119-4385-8009-d4a257671c79,15,150,30,24,0.8,550.0,591.6666666666666,81,68,1,0.54,0.4533333333333333,0.006666666666666667,risky
44b218db-6cb7-470a-80f9-2f01a27718ac,10,100,20,16,0.8,291.5,327.5,48,49,3,0.48,0.49,0.03,risky
44b60008-d83e-459b-b51e-1a47ebec9ce3,3,30,3,0,0.0,292.0,271.3333333333333,20,9,1,0.6666666666666666,0.3,0.03333333333333333,unknown_low_controls
44d07033-adbc-4099-9695-3d27aa3d0c1d,14,70,14,10,0.7142857142857143,123.0,128.92857142857142,25,42,3,0.35714285714285715,0.6,0.04285714285714286,risky
44d40b8d-26aa-434c-9e7f-071f73905e65,4,40,8,5,0.625,182.5,259.75,28,8,4,0.7,0.2,0.1,bad
44ec007d-bf14-4c7a-98c8-edfd2476a57b,2,20,4,2,0.5,865.0,865.0,11,9,0,0.55,0.45,0.0,unknown_low_controls
4577a05e-896b-429a-a8f6-5b45601ebffe,4,40,6,3,0.5,319.0,340.25,20,17,3,0.5,0.425,0.075,bad
458f66ce-a0ac-48de-a1a6-e187ecd4533c,8,80,15,11,0.7333333333333333,340.5,339.5,39,36,5,0.4875,0.45,0.0625,risky
45b6f867-27dd-48fd-90bd-d251ff77166f,3,30,6,5,0.8333333333333334,340.0,339.0,15,15,0,0.5,0.5,0.0,risky
45b7d9f7-0e52-4110-9581-07da030c8cf7,9,90,18,14,0.7777777777777778,655.0,749.8888888888889,46,41,3,0.5111111111111111,0.45555555555555555,0.03333333333333333,risky
45c9057f-e51d-47bb-8ebb-db1700eefc57,12,120,22,17,0.7727272727272727,671.0,805.5,74,40,6,0.6166666666666667,0.3333333333333333,0.05,risky
45cef04f-b7b3-4bac-9283-57e347743519,8,80,16,12,0.75,527.0,607.75,48,26,6,0.6,0.325,0.075,risky
45cfffd8-3e2b-4add-87eb-c92d35a96f20,5,50,10,6,0.6,209.0,215.0,26,16,8,0.52,0.32,0.16,bad
45d38816-727c-4e62-8ab0-b4bd65bc6485,7,70,7,3,0.42857142857142855,152.0,145.14285714285714,38,32,0,0.5428571428571428,0.45714285714285713,0.0,bad
45d5dc52-fbf4-4e4d-995c-15ad9ba27e58,6,60,9,6,0.6666666666666666,511.5,553.8333333333334,39,18,3,0.65,0.3,0.05,risky
45dbf5ec-1079-4647-af7b-1bcb8a3fa72b,9,90,18,13,0.7222222222222222,569.0,501.44444444444446,42,43,5,0.4666666666666667,0.4777777777777778,0.05555555555555555,risky
461c5747-963a-4bde-8eb2-4249c36769e0,17,170,17,13,0.7647058823529411,451.0,518.9411764705883,97,61,12,0.5705882352941176,0.3588235294117647,0.07058823529411765,risky
4658dba9-a95a-4ddd-bc68-5b94791595b3,6,60,12,9,0.75,198.0,255.66666666666666,29,18,13,0.48333333333333334,0.3,0.21666666666666667,risky
4665d5a7-cc39-47b4-bd8f-d341c0c1cf0c,6,60,12,8,0.6666666666666666,270.5,270.3333333333333,33,25,2,0.55,0.4166666666666667,0.03333333333333333,risky
469b5cfe-ea5a-44d8-83ba-97e24fd6ce25,24,238,30,25,0.8333333333333334,279.0,283.89915966386553,122,106,10,0.5126050420168067,0.44537815126050423,0.04201680672268908,risky
46a0b193-8e15-4e58-a563-a8a3dba27854,2,20,2,1,0.5,463.5,463.5,12,6,2,0.6,0.3,0.1,unknown_low_controls
46abe3ba-18a8-4532-a1f8-ddc37021bc0e,29,160,31,26,0.8387096774193549,136.0,170.71875,71,84,5,0.44375,0.525,0.03125,risky
46cf157a-e8c3-40bf-b7c2-359bc06be8b9,2,20,4,1,0.25,377.0,377.0,14,6,0,0.7,0.3,0.0,unknown_low_controls
4772d8eb-e3bd-4fb2-bb31-af0acb36bf14,7,70,14,10,0.7142857142857143,459.0,533.1428571428571,34,31,5,0.4857142857142857,0.44285714285714284,0.07142857142857142,risky
4780af17-2d1a-424a-a223-59bbeaa945f7,7,70,14,10,0.7142857142857143,484.0,638.8571428571429,30,35,5,0.42857142857142855,0.5,0.07142857142857142,risky
47c354f4-8569-4d06-a9e6-2674158c27fa,4,40,4,2,0.5,215.5,240.75,18,20,2,0.45,0.5,0.05,unknown_low_controls
47e367a2-b14a-4c74-994a-ffaad6a1f459,29,165,29,25,0.8620689655172413,158.0,193.8181818181818,77,71,17,0.4666666666666667,0.4303030303030303,0.10303030303030303,good
47e654bc-4133-42a8-b121-52f6ef76bddc,41,407,46,38,0.8260869565217391,233.0,283.2088452088452,195,193,19,0.47911547911547914,0.4742014742014742,0.04668304668304668,risky
481e7e1f-c46b-496e-8360-f17d1ca16571,4,40,8,8,1.0,447.5,420.75,18,19,3,0.45,0.475,0.075,good
48248f4c-c437-43f8-8cb7-622aa1a27f8c,14,140,28,24,0.8571428571428571,206.0,246.35714285714286,83,52,5,0.5928571428571429,0.37142857142857144,0.03571428571428571,good
4826374a-5170-4e30-9955-11bc7882ebc4,12,120,19,15,0.7894736842105263,538.5,626.4166666666666,62,53,5,0.5166666666666667,0.44166666666666665,0.041666666666666664,risky
487cded3-a7f5-4afb-bf7d-4dfa5ecdfebd,2,20,2,2,1.0,348.5,348.5,9,11,0,0.45,0.55,0.0,unknown_low_controls
48a97254-1a02-4f08-9a2a-a79dedcd1db9,27,270,54,47,0.8703703703703703,489.0,621.7037037037037,118,140,12,0.43703703703703706,0.5185185185185185,0.044444444444444446,good
48badee5-e4e9-48cf-ac72-b22f6ebb229d,15,150,22,18,0.8181818181818182,570.0,628.3333333333334,88,58,4,0.5866666666666667,0.38666666666666666,0.02666666666666667,risky
48bff2da-4d82-4143-9ea7-25d02c356829,2,20,4,3,0.75,402.0,402.0,9,7,4,0.45,0.35,0.2,unknown_low_controls
48dc8b5a-25a1-4fa1-b015-2a28af5b597a,1,10,2,0,0.0,12.0,12.0,9,1,0,0.9,0.1,0.0,unknown_low_controls
48e8c06c-80aa-454b-93d2-5c519081626f,2,20,4,2,0.5,261.5,261.5,15,3,2,0.75,0.15,0.1,unknown_low_controls
48f1a411-3aa5-44d1-93dd-da4d343e8515,13,130,26,21,0.8076923076923077,286.0,285.38461538461536,68,53,9,0.5230769230769231,0.4076923076923077,0.06923076923076923,risky
48f6b31d-f87f-46f9-bc56-ea405c31feb1,12,60,12,8,0.6666666666666666,309.5,302.0833333333333,41,16,3,0.6833333333333333,0.26666666666666666,0.05,risky
48fcefce-8ccd-401e-80bd-6e8e66e08ffb,1,10,2,1,0.5,369.0,369.0,6,4,0,0.6,0.4,0.0,unknown_low_controls
490250b7-6e8b-41d7-af93-773edcc8bf1c,3,30,6,3,0.5,810.0,802.0,17,10,3,0.5666666666666667,0.3333333333333333,0.1,bad
4902e501-c24d-4cb9-bf41-a35334ca65f5,6,60,12,8,0.6666666666666666,118.0,157.16666666666666,1,59,0,0.016666666666666666,0.9833333333333333,0.0,risky
4940d47f-95e8-4750-85aa-03d2586be224,5,50,10,6,0.6,376.0,531.6,24,25,1,0.48,0.5,0.02,bad
4954be82-b05b-48e4-bdba-59b1a63746fe,5,50,10,6,0.6,446.0,564.6,34,12,4,0.68,0.24,0.08,bad
4969d2f2-07c0-470c-aba2-80693ebc4fb0,10,100,20,15,0.75,448.0,463.5,49,42,9,0.49,0.42,0.09,risky
4976992e-cf0a-4f74-9f4b-57ed11213c29,4,40,4,2,0.5,725.5,794.25,21,15,4,0.525,0.375,0.1,unknown_low_controls
497de032-da9b-4f50-a793-7969d06d4360,8,80,8,5,0.625,592.0,654.5,59,21,0,0.7375,0.2625,0.0,bad
49b06a43-f877-4510-9801-b7d75e5242b4,3,30,6,4,0.6666666666666666,252.0,244.33333333333334,17,13,0,0.5666666666666667,0.43333333333333335,0.0,risky
49d381a8-4b21-4a7b-b4fa-f5c413f0dced,2,20,2,1,0.5,712.5,712.5,5,14,1,0.25,0.7,0.05,unknown_low_controls
49e900d5-76fa-4ffb-8cfa-3abe1623e114,9,90,18,14,0.7777777777777778,409.0,460.8888888888889,49,35,6,0.5444444444444444,0.3888888888888889,0.06666666666666667,risky
4a1e4344-f227-41bc-a483-9a1efb8be94a,12,117,12,10,0.8333333333333334,604.0,618.4871794871794,54,60,3,0.46153846153846156,0.5128205128205128,0.02564102564102564,risky
4a22f347-a91a-4f2a-88b1-b82aae58d346,8,80,16,12,0.75,285.5,287.375,62,16,2,0.775,0.2,0.025,risky
4a3d400e-971e-4445-9d25-9375e7e7d375,4,40,8,3,0.375,278.0,293.75,27,12,1,0.675,0.3,0.025,bad
4a4a7c3f-542c-4da5-bbad-42a54929a1f4,7,70,14,11,0.7857142857142857,386.0,362.57142857142856,41,25,4,0.5857142857142857,0.35714285714285715,0.05714285714285714,risky
4a59611c-45ef-4481-9501-a73e1052d238,3,30,6,4,0.6666666666666666,360.0,337.0,13,11,6,0.43333333333333335,0.36666666666666664,0.2,risky
4a6b1a21-a317-4f9b-b62a-fc3ffbeb6fd6,17,170,34,28,0.8235294117647058,370.0,446.0,121,45,4,0.711764705882353,0.2647058823529412,0.023529411764705882,risky
4a7c43fc-3805-4a47-b072-b9846ce33416,3,30,6,2,0.3333333333333333,482.0,516.0,17,13,0,0.5666666666666667,0.43333333333333335,0.0,bad
4a9f6703-8890-478c-975c-3887b7eac05d,28,280,28,23,0.8214285714285714,377.5,447.2857142857143,131,126,23,0.46785714285714286,0.45,0.08214285714285714,risky
4ad46cb4-bd1b-44c2-ba92-3ce837b6c926,8,80,16,12,0.75,356.0,366.125,38,29,13,0.475,0.3625,0.1625,risky
4af49e57-7fbd-40d6-99b3-b3e9e6204acf,15,150,16,12,0.75,256.0,268.73333333333335,79,54,17,0.5266666666666666,0.36,0.11333333333333333,risky
4b10ece4-46b8-4420-bbbf-a89491af9c56,3,30,3,2,0.6666666666666666,191.0,259.6666666666667,25,2,3,0.8333333333333334,0.06666666666666667,0.1,unknown_low_controls
4b14a2dc-87bd-4162-bf09-d2a6e2c72ebf,7,70,11,7,0.6363636363636364,332.0,384.7142857142857,43,22,5,0.6142857142857143,0.3142857142857143,0.07142857142857142,bad
4b1eb011-2741-4654-9f2e-b32150f1fa74,5,50,5,3,0.6,402.0,458.8,36,12,2,0.72,0.24,0.04,bad
4b5ae848-ff7d-41b3-9d3f-db97b5394a27,1,10,2,1,0.5,321.0,321.0,8,1,1,0.8,0.1,0.1,unknown_low_controls
4b6e022c-a698-4e0c-8573-4115c4fea592,5,50,10,7,0.7,142.0,233.0,35,12,3,0.7,0.24,0.06,risky
4b70d506-e34d-4f08-8586-3a305e86a9bb,19,190,19,15,0.7894736842105263,349.0,328.63157894736844,90,90,10,0.47368421052631576,0.47368421052631576,0.05263157894736842,risky
4b93e5fd-8291-4057-b569-d354c4a6c981,4,40,4,3,0.75,794.0,814.0,23,16,1,0.575,0.4,0.025,unknown_low_controls
4bbaad9b-197e-46cb-b9cc-da563a038224,6,60,12,8,0.6666666666666666,410.0,509.3333333333333,40,15,5,0.6666666666666666,0.25,0.08333333333333333,risky
4bd74079-9adb-4c55-9e14-9e4429048ac2,7,35,7,4,0.5714285714285714,229.0,221.71428571428572,15,18,2,0.42857142857142855,0.5142857142857142,0.05714285714285714,bad
4be3b222-c5ba-430a-aa28-71c0dc015771,21,210,42,35,0.8333333333333334,521.0,541.4761904761905,129,76,5,0.6142857142857143,0.3619047619047619,0.023809523809523808,risky
4bf466e0-704c-43f5-81f0-c459f29a539d,15,150,15,11,0.7333333333333333,516.0,621.8,83,59,8,0.5533333333333333,0.3933333333333333,0.05333333333333334,risky
4c1167e4-3ad8-46a0-a3bf-76a69bb57b73,2,20,4,1,0.25,637.0,637.0,10,9,1,0.5,0.45,0.05,unknown_low_controls
4c40f117-7d43-4273-9b47-3aed82189e67,5,50,10,5,0.5,311.0,299.2,26,23,1,0.52,0.46,0.02,bad
4c8b4c66-5a32-4744-92f0-1394d49bd606,6,60,6,3,0.5,78.5,98.0,43,17,0,0.7166666666666667,0.2833333333333333,0.0,bad
4c971505-b444-4a90-9f34-db295f119bec,5,50,5,3,0.6,442.0,411.2,28,20,2,0.56,0.4,0.04,bad
4ca55cdb-d96b-4085-9b2d-8b8b1a35a166,5,50,10,6,0.6,307.0,380.4,37,11,2,0.74,0.22,0.04,bad
4cbcc246-412a-4f7d-aacd-370bb2d5110d,3,30,6,3,0.5,648.0,936.0,18,9,3,0.6,0.3,0.1,bad
4cdc1b8a-c78b-4b4a-90f6-214126612d39,5,50,10,6,0.6,599.0,706.6,38,10,2,0.76,0.2,0.04,bad
4d029a9d-312b-4c76-8620-b19b6bf3b7df,6,60,6,3,0.5,219.0,248.0,44,15,1,0.7333333333333333,0.25,0.016666666666666666,bad
4d0e4a10-faaf-41c0-bbd7-6c7c8deda52b,5,50,10,6,0.6,280.0,285.2,27,20,3,0.54,0.4,0.06,bad
4d5469db-2edd-447d-a6ac-979299ff62a5,7,70,14,10,0.7142857142857143,321.0,360.85714285714283,35,31,4,0.5,0.44285714285714284,0.05714285714285714,risky
4d587a46-9c75-4de7-8002-0ad84c2689cd,12,120,24,20,0.8333333333333334,439.5,689.4166666666666,65,44,11,0.5416666666666666,0.36666666666666664,0.09166666666666666,risky
4d9ecf10-4033-4628-954d-06fceb95f567,4,40,4,2,0.5,675.0,654.0,26,12,2,0.65,0.3,0.05,unknown_low_controls
4db4331e-24ce-4936-8cef-6db705bea715,10,100,14,10,0.7142857142857143,314.5,330.6,48,41,11,0.48,0.41,0.11,risky
4dce65fc-8c6d-4fcc-bdb2-679abcb3842b,20,200,40,33,0.825,389.0,398.1,91,106,3,0.455,0.53,0.015,risky
4deeaece-b2ee-400a-b67d-7230c3d2c175,3,27,6,4,0.6666666666666666,559.0,575.1481481481482,17,7,3,0.6296296296296297,0.25925925925925924,0.1111111111111111,risky
4def10fa-3ae0-4b74-bdfc-855e136c018a,23,230,28,23,0.8214285714285714,302.0,334.0869565217391,104,112,14,0.45217391304347826,0.48695652173913045,0.06086956521739131,risky
4e6f9e42-05e7-483b-8750-27d65c0e6c53,10,100,20,16,0.8,215.0,220.7,64,31,5,0.64,0.31,0.05,risky
4edd52f0-748d-4337-b705-5ae0d021c21c,4,40,8,5,0.625,326.5,352.5,27,13,0,0.675,0.325,0.0,bad
4f276df3-126e-4696-aba4-e99d120355e5,3,30,3,1,0.3333333333333333,287.0,286.0,17,10,3,0.5666666666666667,0.3333333333333333,0.1,unknown_low_controls
4f47996b-515d-45ee-85ae-b94e0a3e6265,3,30,6,3,0.5,502.0,489.0,15,15,0,0.5,0.5,0.0,bad
4fbbc401-a10c-455b-ab0a-76e3d97915e0,21,210,21,17,0.8095238095238095,270.0,276.0952380952381,96,95,19,0.45714285714285713,0.4523809523809524,0.09047619047619047,risky
4fc30538-9d38-4a9c-9201-cf7715f96da0,3,30,6,5,0.8333333333333334,350.0,347.0,12,11,7,0.4,0.36666666666666664,0.23333333333333334,risky
50344041-be7d-42e4-9509-c0bac362ee4f,12,120,12,8,0.6666666666666666,353.5,367.25,67,47,6,0.5583333333333333,0.39166666666666666,0.05,risky
50411ef6-a728-4fac-93e4-8483c91bb502,46,446,46,40,0.8695652173913043,704.0,755.4125560538116,208,227,11,0.4663677130044843,0.5089686098654709,0.02466367713004484,good
5084fb91-33dc-49ed-bbfa-9d3d77c53174,16,80,16,12,0.75,222.5,239.6875,48,29,3,0.6,0.3625,0.0375,risky
50911fdc-aeca-4223-9a5c-96e984520563,2,20,4,2,0.5,611.0,611.0,14,3,3,0.7,0.15,0.15,unknown_low_controls
5091ac22-6f1b-4c1f-b633-42b08ce46696,1,10,1,0,0.0,396.0,396.0,7,3,0,0.7,0.3,0.0,unknown_low_controls
50db15e6-46d9-4207-ba79-713018e27de1,5,50,10,7,0.7,451.0,485.2,31,15,4,0.62,0.3,0.08,risky
5127fdb1-4f26-45d6-84de-baeeaeb7a7b8,21,208,41,35,0.8536585365853658,633.0,640.25,112,92,4,0.5384615384615384,0.4423076923076923,0.019230769230769232,good
513342cb-0506-4abd-b9c5-bb85f0cd8e0d,5,50,10,5,0.5,449.0,433.0,34,15,1,0.68,0.3,0.02,bad
514ecd51-5e51-4539-8e23-75dd1da25ea2,9,90,18,14,0.7777777777777778,250.0,469.3333333333333,56,34,0,0.6222222222222222,0.37777777777777777,0.0,risky
518b91ad-c53b-4e84-8e7a-989b7c4aeec0,2,20,4,2,0.5,284.0,284.0,9,10,1,0.45,0.5,0.05,unknown_low_controls
519979c6-70b1-4671-b7be-804414774886,4,40,4,1,0.25,709.0,707.5,14,21,5,0.35,0.525,0.125,unknown_low_controls
5205aa52-8f50-41d3-b5b2-f3bbbe454c6a,7,70,9,5,0.5555555555555556,251.0,260.14285714285717,40,27,3,0.5714285714285714,0.38571428571428573,0.04285714285714286,bad
52314dea-1cd3-4627-aa16-cd63ca44970f,2,10,2,0,0.0,526.5,526.5,4,6,0,0.4,0.6,0.0,unknown_low_controls
5235e6b5-f2f1-4703-aead-69acfa26bcba,16,160,19,15,0.7894736842105263,261.5,263.1875,114,44,2,0.7125,0.275,0.0125,risky
52672680-67c5-4058-a661-ee4a00a8982b,7,70,14,10,0.7142857142857143,283.0,306.85714285714283,34,27,9,0.4857142857142857,0.38571428571428573,0.12857142857142856,risky
52916b0b-aae1-4c27-88dc-1e3124b36a33,4,40,4,2,0.5,411.5,393.25,26,12,2,0.65,0.3,0.05,unknown_low_controls
52931edd-2aec-431e-a10c-f4b5a4d2ecfc,1,10,2,0,0.0,516.0,516.0,8,2,0,0.8,0.2,0.0,unknown_low_controls
52b47261-bd91-4e4a-b396-36b47e0b9a98,24,240,48,40,0.8333333333333334,355.0,408.0833333333333,118,115,7,0.49166666666666664,0.4791666666666667,0.029166666666666667,risky
52d25ebd-e2f7-492f-b0ff-3b6205889fb2,7,70,9,5,0.5555555555555556,819.0,813.2857142857143,27,36,7,0.38571428571428573,0.5142857142857142,0.1,bad
52edf7b3-2034-4813-bb15-a0ce3df9e064,5,50,10,6,0.6,275.0,277.4,29,21,0,0.58,0.42,0.0,bad
5305f4d5-2527-4e8d-bbc5-afc8b5a25400,22,220,22,18,0.8181818181818182,437.0,433.1818181818182,134,69,17,0.6090909090909091,0.31363636363636366,0.07727272727272727,risky
5325792c-7b45-4cd2-a528-130d219aa2e1,6,60,12,8,0.6666666666666666,390.0,386.5,28,29,3,0.4666666666666667,0.48333333333333334,0.05,risky
536580d6-d77f-4281-92e6-0d3be8161eb0,4,40,8,4,0.5,358.5,334.0,24,15,1,0.6,0.375,0.025,bad
53781336-6fc4-489c-9a70-6dd54e10b44d,9,45,9,7,0.7777777777777778,156.0,170.77777777777777,21,23,1,0.4666666666666667,0.5111111111111111,0.022222222222222223,risky
5390950e-ba7e-40a1-835a-7944520cd1d3,37,370,37,30,0.8108108108108109,361.0,402.3783783783784,181,174,15,0.4891891891891892,0.4702702702702703,0.04054054054054054,risky
53ad44ce-ed82-4b8c-8dd7-b3110cf1aa20,9,90,14,13,0.9285714285714286,551.0,535.1111111111111,53,34,3,0.5888888888888889,0.37777777777777777,0.03333333333333333,good
53e87bec-1ad8-41c3-b021-2668faadba48,2,20,4,2,0.5,625.5,625.5,17,3,0,0.85,0.15,0.0,unknown_low_controls
53f5d52c-cbc8-47db-b940-6e20dbbb3a59,5,50,5,4,0.8,676.0,728.6,20,26,4,0.4,0.52,0.08,risky
53fbb118-d28d-433f-8339-9de1f9d145d5,6,30,6,3,0.5,156.5,157.83333333333334,20,6,4,0.6666666666666666,0.2,0.13333333333333333,bad
53fcd39a-9f2d-4cf2-b4e0-d8dd4857f364,5,50,10,7,0.7,544.0,654.4,34,14,2,0.68,0.28,0.04,risky
53fd4f09-45c4-4ee3-b43f-a434005bf2ef,12,120,24,19,0.7916666666666666,963.0,999.5833333333334,59,47,14,0.49166666666666664,0.39166666666666666,0.11666666666666667,risky
5424fc11-b19d-41e5-a6a5-ee66ac0fef26,22,110,22,17,0.7727272727272727,92.5,93.27272727272727,38,64,8,0.34545454545454546,0.5818181818181818,0.07272727272727272,risky
544c6e50-b8c9-4b7b-b34c-cccdc2a0ab1b,10,65,10,9,0.9,126.0,185.07692307692307,41,18,6,0.6307692307692307,0.27692307692307694,0.09230769230769231,good
545134dd-4f27-4168-8886-400521d510b9,50,500,100,88,0.88,283.5,326.12,197,280,23,0.394,0.56,0.046,good
545a2fb1-e172-46e6-b485-2ac892dccf7b,1,10,1,0,0.0,271.0,271.0,4,4,2,0.4,0.4,0.2,unknown_low_controls
545ca103-bb48-4fa2-9e98-0f2caadd0a2a,4,40,8,5,0.625,372.5,402.25,29,9,2,0.725,0.225,0.05,bad
547b9845-55d6-424a-bbfe-9dd21f56fe53,9,90,18,14,0.7777777777777778,447.0,448.44444444444446,55,30,5,0.6111111111111112,0.3333333333333333,0.05555555555555555,risky
548607a5-bdec-4899-8f3a-859d025f003e,6,60,12,8,0.6666666666666666,402.5,405.5,35,22,3,0.5833333333333334,0.36666666666666664,0.05,risky
54b0ce8a-e4b5-4072-93e7-a657257deaf5,20,200,20,16,0.8,887.5,970.7,74,119,7,0.37,0.595,0.035,risky
54cd905c-e5e7-492d-843b-df4f2df4bea8,1,10,2,2,1.0,388.0,388.0,7,3,0,0.7,0.3,0.0,unknown_low_controls
54f68779-653a-4e83-8cd0-bf6f031119f8,1,10,2,1,0.5,413.0,413.0,3,7,0,0.3,0.7,0.0,unknown_low_controls
550c85dd-030a-4f38-b187-a52439d62f7e,13,130,13,9,0.6923076923076923,395.0,451.3076923076923,63,58,9,0.4846153846153846,0.4461538461538462,0.06923076923076923,risky
555636eb-ba93-47b3-824e-129c223ba937,6,60,9,5,0.5555555555555556,362.0,398.0,34,22,4,0.5666666666666667,0.36666666666666664,0.06666666666666667,bad
55778aa9-4ab9-44d8-a165-0a7c7bb899fc,2,20,4,2,0.5,503.0,503.0,8,10,2,0.4,0.5,0.1,unknown_low_controls
55835ee8-282c-4801-8d12-ed3f510f812d,4,40,8,5,0.625,225.5,255.75,36,4,0,0.9,0.1,0.0,bad
55bf6962-8a47-4d2a-a96e-d8e7a4b8c7dd,3,30,6,5,0.8333333333333334,556.0,627.0,20,10,0,0.6666666666666666,0.3333333333333333,0.0,risky
5623ec62-c2e3-45ee-92e5-20c6a0179d4c,6,60,12,9,0.75,165.0,161.83333333333334,36,22,2,0.6,0.36666666666666664,0.03333333333333333,risky
562beea1-c0df-4921-a83c-e75179f93b0f,3,30,6,2,0.3333333333333333,515.0,422.3333333333333,24,4,2,0.8,0.13333333333333333,0.06666666666666667,bad
562dc3f4-5e07-47b9-a61d-dce59f365f80,3,30,6,3,0.5,249.0,336.0,26,2,2,0.8666666666666667,0.06666666666666667,0.06666666666666667,bad
56389ef9-b9c2-4595-8e57-2530f285d569,2,14,2,0,0.0,149.0,207.57142857142858,8,6,0,0.5714285714285714,0.42857142857142855,0.0,unknown_low_controls
564d94dd-dc34-47ef-ae6a-81f8a56ec384,8,80,8,6,0.75,530.5,521.875,36,38,6,0.45,0.475,0.075,risky
565771ca-0202-483c-ac6c-21aefad6970d,4,40,8,5,0.625,204.0,219.5,13,16,11,0.325,0.4,0.275,bad
5663baa8-5d4b-44db-a033-f2a180272171,3,30,6,5,0.8333333333333334,407.0,397.0,20,9,1,0.6666666666666666,0.3,0.03333333333333333,risky
567e046d-2c87-4ca0-ab9d-23172dac4c56,10,100,15,11,0.7333333333333333,360.5,382.8,49,47,4,0.49,0.47,0.04,risky
568462db-7165-48bb-b02f-1655f6fe9083,4,40,7,3,0.42857142857142855,282.5,319.25,23,16,1,0.575,0.4,0.025,bad
56ac6f03-b171-4025-840b-f5b4210fd9b0,9,90,9,6,0.6666666666666666,528.0,723.2222222222222,47,41,2,0.5222222222222223,0.45555555555555555,0.022222222222222223,risky
56b3775f-ad61-459d-8940-1d44f8981fe0,16,160,16,12,0.75,222.0,248.6875,64,86,10,0.4,0.5375,0.0625,risky
56b66a37-4f14-4acb-920c-4d8ef7c1c3a8,18,90,18,14,0.7777777777777778,145.5,141.22222222222223,44,40,6,0.4888888888888889,0.4444444444444444,0.06666666666666667,risky
5702409f-a5f9-4973-a4c5-86d26d1aa605,9,90,18,13,0.7222222222222222,408.0,425.3333333333333,59,28,3,0.6555555555555556,0.3111111111111111,0.03333333333333333,risky
573c7118-4176-477c-923d-dd6fb9d6efa7,23,115,23,18,0.782608695652174,96.0,100.95652173913044,54,58,3,0.46956521739130436,0.5043478260869565,0.02608695652173913,risky
5758285b-4781-424e-b443-97aea9acce3a,4,20,4,1,0.25,200.0,180.75,10,10,0,0.5,0.5,0.0,unknown_low_controls
5770ed76-1239-4079-976f-76716f7211b8,4,40,8,5,0.625,603.5,621.75,19,21,0,0.475,0.525,0.0,bad
579189ef-7a75-4c27-ba49-1e6e869f0bf9,9,90,9,6,0.6666666666666666,312.0,402.0,38,48,4,0.4222222222222222,0.5333333333333333,0.044444444444444446,risky
57c8cba7-ef83-4428-a40d-bba69568f603,4,40,4,2,0.5,330.5,302.0,13,27,0,0.325,0.675,0.0,unknown_low_controls
57fb5ac9-7fb9-4260-b88d-715813fcc818,3,30,6,1,0.16666666666666666,297.0,332.0,18,8,4,0.6,0.26666666666666666,0.13333333333333333,bad
580e9109-04c5-443b-bad4-9d012fdc9195,1,10,2,0,0.0,176.0,176.0,5,2,3,0.5,0.2,0.3,unknown_low_controls
5819e081-70f7-4b29-b46a-3bfec1bc34a1,1,10,2,1,0.5,1034.0,1034.0,2,4,4,0.2,0.4,0.4,unknown_low_controls
581c32bf-a11c-4cab-ac50-ce9f37d426cc,6,60,11,7,0.6363636363636364,357.5,391.6666666666667,37,20,3,0.6166666666666667,0.3333333333333333,0.05,bad
581e21ce-9a16-4f8b-bdab-57c6e3582756,18,173,26,21,0.8076923076923077,627.0,811.1040462427745,88,77,8,0.5086705202312138,0.44508670520231214,0.046242774566473986,risky
5885aec5-1b68-4def-9398-af8f7be47e87,8,80,11,7,0.6363636363636364,342.5,344.125,56,24,0,0.7,0.3,0.0,bad
58941c62-a583-4ec3-b683-4ec3b0e67217,14,140,17,13,0.7647058823529411,282.5,303.0,66,62,12,0.4714285714285714,0.44285714285714284,0.08571428571428572,risky
58b0001c-af5f-4fcb-a8f5-f8253594af24,1,10,2,1,0.5,322.0,322.0,7,2,1,0.7,0.2,0.1,unknown_low_controls
58edeb26-c0c6-4332-a868-4a0b2f326768,21,105,21,17,0.8095238095238095,216.0,245.0952380952381,59,34,12,0.5619047619047619,0.3238095238095238,0.11428571428571428,risky
592747b1-8517-4492-9e2e-1b8335e7b2ed,4,40,8,6,0.75,265.0,245.5,21,18,1,0.525,0.45,0.025,risky
595dfb7e-49e0-4bfd-a28b-0d8274d1650f,14,140,28,23,0.8214285714285714,364.0,382.35714285714283,80,60,0,0.5714285714285714,0.42857142857142855,0.0,risky
596d74e7-6b0a-4653-bb70-5441f904a4ff,11,110,11,8,0.7272727272727273,365.0,492.0,72,32,6,0.6545454545454545,0.2909090909090909,0.05454545454545454,risky
59d55848-b13b-46a4-99f9-1ca863a31b2c,5,50,10,7,0.7,330.0,346.2,33,15,2,0.66,0.3,0.04,risky
59d68872-5647-427e-a4ec-72d18bed66c7,3,30,6,3,0.5,436.0,457.6666666666667,20,9,1,0.6666666666666666,0.3,0.03333333333333333,bad
59f2d970-69c9-47f8-bff3-6da1018467aa,4,40,8,4,0.5,271.5,271.25,23,17,0,0.575,0.425,0.0,bad
59f8c208-f0f7-4e23-9dbd-5192c64b11f1,1,10,2,0,0.0,616.0,616.0,3,6,1,0.3,0.6,0.1,unknown_low_controls
5a718ca8-d46e-4de7-9c52-9c5ae96424ab,6,60,12,9,0.75,493.5,510.0,45,11,4,0.75,0.18333333333333332,0.06666666666666667,risky
5a73a5d8-2a5c-4457-a9aa-415373ae1ffd,5,50,5,2,0.4,179.0,231.4,15,13,22,0.3,0.26,0.44,bad
5a941728-54f6-4c12-ad30-62498264a60f,1,10,1,0,0.0,446.0,446.0,5,3,2,0.5,0.3,0.2,unknown_low_controls
5aa5d938-9db4-49b6-b5b3-2a3c316789c1,2,10,2,0,0.0,118.5,118.5,6,2,2,0.6,0.2,0.2,unknown_low_controls
5ac10ce4-ed58-44ae-b35d-5e802bd03031,13,130,13,10,0.7692307692307693,133.0,130.46153846153845,63,66,1,0.4846153846153846,0.5076923076923077,0.007692307692307693,risky
5ae3c275-23aa-4ca7-9a82-3d5a85e9356e,1,10,2,1,0.5,529.0,529.0,7,1,2,0.7,0.1,0.2,unknown_low_controls
5af4f207-f855-45ca-942b-d9a9fe9fe88c,9,75,12,12,1.0,270.0,264.6666666666667,42,30,3,0.56,0.4,0.04,good
5af83ec5-e368-4916-b13c-bf77177773a4,2,10,2,0,0.0,101.0,101.0,10,0,0,1.0,0.0,0.0,unknown_low_controls
5b14131c-aa99-43cf-8ce5-bfb912640f3b,9,90,18,14,0.7777777777777778,400.0,380.8888888888889,47,41,2,0.5222222222222223,0.45555555555555555,0.022222222222222223,risky
5b18871a-9bea-4477-8204-1ce49069a04a,23,230,23,18,0.782608695652174,625.0,636.6086956521739,130,96,4,0.5652173913043478,0.41739130434782606,0.017391304347826087,risky
5b25c0eb-9008-4c19-8ca6-96e3c917aae5,1,10,1,0,0.0,226.0,226.0,9,1,0,0.9,0.1,0.0,unknown_low_controls
5b6856a0-66ed-489d-8be1-02b14f6d7dc2,3,30,6,4,0.6666666666666666,278.0,417.6666666666667,17,11,2,0.5666666666666667,0.36666666666666664,0.06666666666666667,risky
5b8d8198-1953-4caf-af17-4257ef0340d6,7,70,14,10,0.7142857142857143,522.0,463.0,31,29,10,0.44285714285714284,0.4142857142857143,0.14285714285714285,risky
5b997bb3-3e51-4089-ab81-b0ae4dacb6a9,6,60,12,8,0.6666666666666666,208.5,190.33333333333334,49,10,1,0.8166666666666667,0.16666666666666666,0.016666666666666666,risky
5bb3c563-2176-4202-bc38-4d444e0d0ef7,7,70,7,3,0.42857142857142855,306.0,288.85714285714283,28,37,5,0.4,0.5285714285714286,0.07142857142857142,bad
5bd6bebf-cb47-4ead-94b7-c09f1d660d15,11,110,22,18,0.8181818181818182,401.0,496.0,70,38,2,0.6363636363636364,0.34545454545454546,0.01818181818181818,risky
5bf6c3d7-7c22-44c6-929c-bbe0110c5d56,28,280,36,29,0.8055555555555556,625.0,654.7857142857143,117,155,8,0.41785714285714287,0.5535714285714286,0.02857142857142857,risky
5c1c0ec7-5192-42a8-8311-9fde004abe7e,13,100,13,9,0.6923076923076923,337.0,407.55,56,39,5,0.56,0.39,0.05,risky
5c418fdd-9812-4930-8792-050b0b68236a,15,150,30,24,0.8,542.0,533.4666666666667,79,68,3,0.5266666666666666,0.4533333333333333,0.02,risky
5c718589-6168-4fff-9559-7c9b83c69dfd,1,10,2,0,0.0,1132.0,1132.0,4,3,3,0.4,0.3,0.3,unknown_low_controls
5c830ad9-06af-4878-bb71-5469932d7e00,15,150,30,23,0.7666666666666667,168.0,195.93333333333334,56,62,32,0.37333333333333335,0.41333333333333333,0.21333333333333335,risky
5c8ef5b8-e686-45dc-9c89-0e7303d93805,4,40,8,4,0.5,563.5,566.0,23,15,2,0.575,0.375,0.05,bad
5ccc0099-25b1-4bd2-ab4d-b666a2d07ce6,6,60,10,7,0.7,436.5,418.5,40,20,0,0.6666666666666666,0.3333333333333333,0.0,risky
5ce675d4-9547-483e-9c49-8cd63113464e,8,80,16,12,0.75,264.5,270.125,54,26,0,0.675,0.325,0.0,risky
5d150c2e-2bfd-4c86-983b-e87fb9af24fa,14,140,28,22,0.7857142857142857,464.0,514.6428571428571,43,81,16,0.30714285714285716,0.5785714285714286,0.11428571428571428,risky
5d17771c-e6cf-4cf7-9b6a-0f42648b6112,8,80,16,12,0.75,596.5,610.0,47,33,0,0.5875,0.4125,0.0,risky
5d24166b-09c1-4118-a5f8-7c219e4efdc5,3,30,6,3,0.5,116.0,106.66666666666667,23,5,2,0.7666666666666667,0.16666666666666666,0.06666666666666667,bad
5d387b13-7a59-4f6d-99b9-6ee3be161db5,1,10,1,0,0.0,76.0,76.0,7,3,0,0.7,0.3,0.0,unknown_low_controls
5d461897-c4b6-4dac-831b-d225a486dc3e,2,20,4,2,0.5,479.5,479.5,15,5,0,0.75,0.25,0.0,unknown_low_controls
5d6b514d-ddd5-4b20-ad36-afddde04f099,2,20,4,3,0.75,400.5,400.5,10,10,0,0.5,0.5,0.0,unknown_low_controls
5d76adb6-abbe-4f9e-9e76-32a95e45c0e3,1,5,1,0,0.0,403.0,403.0,5,0,0,1.0,0.0,0.0,unknown_low_controls
5d7d3925-8166-44d9-bb36-12bbc6671ad0,8,80,8,6,0.75,395.5,448.875,32,40,8,0.4,0.5,0.1,risky
5d96f797-0093-4da5-b168-369b58583eb2,4,36,8,5,0.625,226.0,286.6111111111111,19,15,2,0.5277777777777778,0.4166666666666667,0.05555555555555555,bad
5dad861b-b6bc-4f86-8c50-cd4c0f8f9539,4,40,8,4,0.5,247.5,260.0,25,11,4,0.625,0.275,0.1,bad
5e28efeb-9885-4348-8926-1cf55d247fcf,5,50,10,5,0.5,482.0,505.4,29,15,6,0.58,0.3,0.12,bad
5e63f3a3-eafa-4de1-ad6e-d36bf888df42,4,40,8,5,0.625,441.0,453.25,36,4,0,0.9,0.1,0.0,bad
5e6a06b3-3add-4f8c-8146-49d7efaba2f7,5,50,10,7,0.7,387.0,416.4,24,23,3,0.48,0.46,0.06,risky
5ead4bcd-eca1-4ca6-b045-2e3ceedd1b4d,7,70,14,10,0.7142857142857143,244.0,269.57142857142856,44,25,1,0.6285714285714286,0.35714285714285715,0.014285714285714285,risky
5f4de320-b6d0-420b-a086-8eeda4789696,9,90,18,13,0.7222222222222222,334.0,368.8888888888889,35,54,1,0.3888888888888889,0.6,0.011111111111111112,risky
5f7462bf-e4f1-46c8-8df3-9c3fd0f68763,10,50,10,6,0.6,214.0,212.3,34,12,4,0.68,0.24,0.08,bad
5f95b4c1-cf78-46ec-bee5-845e090df681,2,20,4,1,0.25,430.0,430.0,8,10,2,0.4,0.5,0.1,unknown_low_controls
5f99ce9d-8c27-4008-9bf1-2ddb5d0fc654,6,60,12,9,0.75,419.5,561.1666666666666,28,24,8,0.4666666666666667,0.4,0.13333333333333333,risky
5fa9703d-d4d0-4681-a12e-a0d25ea25731,22,220,22,18,0.8181818181818182,200.0,297.1818181818182,108,102,10,0.4909090909090909,0.4636363636363636,0.045454545454545456,risky
5fbf950d-3fdc-4100-ab37-a2e1bb116a44,5,50,10,8,0.8,717.0,775.2,24,24,2,0.48,0.48,0.04,risky
5fc2d5fa-c979-4757-9a87-83ef6a0b55be,3,30,6,3,0.5,670.0,705.6666666666666,18,11,1,0.6,0.36666666666666664,0.03333333333333333,bad
5fef49f3-f2b1-4240-a3a7-196a7af4838d,13,130,26,20,0.7692307692307693,357.0,392.38461538461536,75,53,2,0.5769230769230769,0.4076923076923077,0.015384615384615385,risky
5ff3c628-8880-4103-9b0c-99cfc613e5c8,1,10,1,0,0.0,378.0,378.0,7,3,0,0.7,0.3,0.0,unknown_low_controls
5ff603d8-25bb-4b85-9125-887c9c252c62,1,10,2,0,0.0,359.0,359.0,8,2,0,0.8,0.2,0.0,unknown_low_controls
601d3669-f300-4fcb-8e99-1f3bd2824a54,10,100,20,16,0.8,543.0,548.5,49,44,7,0.49,0.44,0.07,risky
603f0125-2965-41f4-b154-b22e1175f3b3,7,70,7,5,0.7142857142857143,337.0,324.42857142857144,36,21,13,0.5142857142857142,0.3,0.18571428571428572,risky
6048799b-50e2-49cb-af60-27f41ac53bf2,10,100,10,6,0.6,276.0,303.7,51,43,6,0.51,0.43,0.06,bad
604d2c02-b2e1-4815-81d3-8c76394f591d,9,90,18,14,0.7777777777777778,257.0,278.1111111111111,50,38,2,0.5555555555555556,0.4222222222222222,0.022222222222222223,risky
605c287d-08a1-4ee4-9cd1-870680c63ae1,4,40,5,4,0.8,319.0,357.5,19,18,3,0.475,0.45,0.075,risky
60670b85-22d1-44ec-8288-5fe76b2b5217,5,50,5,2,0.4,637.0,690.0,35,12,3,0.7,0.24,0.06,bad
608f3bbb-a905-40fa-9552-4c9d5ba8c124,15,150,16,12,0.75,255.0,275.1333333333333,64,76,10,0.4266666666666667,0.5066666666666667,0.06666666666666667,risky
60a5de70-6bdd-46ee-95fa-ca5431487273,17,170,29,25,0.8620689655172413,314.0,331.05882352941177,96,67,7,0.5647058823529412,0.3941176470588235,0.041176470588235294,good
60ae1641-01df-4520-9c66-df9d62166349,4,40,8,5,0.625,294.5,300.25,28,11,1,0.7,0.275,0.025,bad
60bd0792-8876-46b0-ab71-8576994187a5,9,90,18,14,0.7777777777777778,257.0,300.8888888888889,58,27,5,0.6444444444444445,0.3,0.05555555555555555,risky
60d78123-48a6-4211-99e8-4102085c7f7a,11,110,22,17,0.7727272727272727,368.0,439.09090909090907,65,42,3,0.5909090909090909,0.38181818181818183,0.02727272727272727,risky
60f74a6f-d045-46b3-aaa9-21daaf99fcb5,7,70,8,4,0.5,324.0,309.85714285714283,44,23,3,0.6285714285714286,0.32857142857142857,0.04285714285714286,bad
60fa318d-b228-4cc1-b797-4f9f57423b20,8,80,16,11,0.6875,401.5,570.875,39,37,4,0.4875,0.4625,0.05,risky
61377f29-5bcd-49be-a6ff-7c0691b7e8dc,3,30,6,3,0.5,434.0,433.3333333333333,16,12,2,0.5333333333333333,0.4,0.06666666666666667,bad
61455db5-da71-4c2e-9b1e-87932cac3a90,22,220,22,17,0.7727272727272727,776.0,868.3181818181819,118,84,18,0.5363636363636364,0.38181818181818183,0.08181818181818182,risky
6154b260-55f9-4595-a30a-fc712eafd46b,8,80,10,6,0.6,62.0,73.75,38,38,4,0.475,0.475,0.05,bad
618833d4-7bba-40a4-bc46-20f0c48b8911,10,94,20,16,0.8,198.0,249.04255319148936,52,40,2,0.5531914893617021,0.425531914893617,0.02127659574468085,risky
618f6f88-53b5-4fde-99ff-5e8b4928edad,28,280,56,47,0.8392857142857143,359.5,416.0,134,128,18,0.4785714285714286,0.45714285714285713,0.06428571428571428,risky
61adbd6d-e0cf-4100-abd5-940add4faf9f,9,90,9,7,0.7777777777777778,356.0,379.8888888888889,44,41,5,0.4888888888888889,0.45555555555555555,0.05555555555555555,risky
61b70f81-b701-44ae-994d-92a128aa785b,13,130,13,9,0.6923076923076923,340.0,348.53846153846155,64,58,8,0.49230769230769234,0.4461538461538462,0.06153846153846154,risky
61daa749-bd66-4401-9455-333dfba00d18,1,10,2,1,0.5,208.0,208.0,8,2,0,0.8,0.2,0.0,unknown_low_controls
61dd5351-d139-4c2a-ae1b-92226e11dbaa,7,70,7,4,0.5714285714285714,10.0,11.142857142857142,22,42,6,0.3142857142857143,0.6,0.08571428571428572,bad
61e6b54f-52e6-492b-a438-6ec7abe299b1,9,90,11,8,0.7272727272727273,316.0,329.1111111111111,48,39,3,0.5333333333333333,0.43333333333333335,0.03333333333333333,risky
61f3d115-4594-4c96-8a9a-727ca826f915,6,60,12,8,0.6666666666666666,552.5,832.3333333333334,40,17,3,0.6666666666666666,0.2833333333333333,0.05,risky
62258aa4-7884-43b4-8c3e-648f1da09541,5,50,10,7,0.7,628.0,763.6,27,22,1,0.54,0.44,0.02,risky
622abaa3-875a-4817-b1f4-cda60194d650,6,60,12,9,0.75,543.5,581.1666666666666,32,21,7,0.5333333333333333,0.35,0.11666666666666667,risky
62491df0-bcb1-456f-9e80-412c0db2b9e3,19,95,19,15,0.7894736842105263,201.0,216.8421052631579,59,34,2,0.6210526315789474,0.35789473684210527,0.021052631578947368,risky
625593e8-0451-4905-88bf-315593f77c5c,1,10,2,1,0.5,357.0,357.0,8,2,0,0.8,0.2,0.0,unknown_low_controls
6270b6e5-0238-4450-986b-79b4293949f4,8,80,8,6,0.75,671.0,670.625,37,43,0,0.4625,0.5375,0.0,risky
62a576da-4df9-4837-82ea-8c30f3f01714,5,50,5,2,0.4,358.0,345.2,32,16,2,0.64,0.32,0.04,bad
62ad365d-bf1a-4f69-ba27-8e5b1135340c,1,10,2,0,0.0,713.0,713.0,6,4,0,0.6,0.4,0.0,unknown_low_controls
62b5a3cf-59d1-4bd5-a467-0bd76dcfccf9,2,20,4,0,0.0,130.0,130.0,13,7,0,0.65,0.35,0.0,unknown_low_controls
62cb27e1-ad6d-4b01-99cb-3b20ddf59742,19,190,38,32,0.8421052631578947,286.0,295.1578947368421,100,84,6,0.5263157894736842,0.4421052631578947,0.031578947368421054,risky
62ec8173-4da2-4ba0-9e30-06771f4fc93d,7,70,14,11,0.7857142857142857,321.0,330.0,36,30,4,0.5142857142857142,0.42857142857142855,0.05714285714285714,risky
630dfa79-8a30-4385-8cb0-d1e31eb7b7b4,3,30,6,3,0.5,1097.0,1114.3333333333333,23,7,0,0.7666666666666667,0.23333333333333334,0.0,bad
63308882-cabc-46e7-bf51-3bf087f81e94,3,30,3,1,0.3333333333333333,467.0,441.3333333333333,17,11,2,0.5666666666666667,0.36666666666666664,0.06666666666666667,unknown_low_controls
6333ca87-c028-4b75-aee9-ecf2011e0298,1,10,2,1,0.5,428.0,428.0,7,3,0,0.7,0.3,0.0,unknown_low_controls
633637a0-0e4b-4c5d-862d-b0b230696b7e,3,30,6,3,0.5,394.0,397.3333333333333,19,7,4,0.6333333333333333,0.23333333333333334,0.13333333333333333,bad
633ba397-92b8-4af8-b324-6d4a6da52b73,5,50,9,6,0.6666666666666666,394.0,337.4,20,17,13,0.4,0.34,0.26,risky
634f081f-35e5-4ba1-8789-b201216c66ca,8,80,8,4,0.5,590.0,677.5,47,30,3,0.5875,0.375,0.0375,bad
636424ff-0af4-4f43-9a07-d9c6618a5099,10,97,10,6,0.6,681.0,724.5360824742268,48,48,1,0.4948453608247423,0.4948453608247423,0.010309278350515464,bad
6377aa49-d464-4d31-a4c0-ad23140795d6,10,100,13,9,0.6923076923076923,262.0,277.7,64,32,4,0.64,0.32,0.04,risky
6390788e-ea12-4c56-b319-e207efa2b48f,9,90,18,13,0.7222222222222222,326.0,335.44444444444446,39,44,7,0.43333333333333335,0.4888888888888889,0.07777777777777778,risky
639a5e18-56b2-4074-9694-2cddf27ffb20,5,50,10,7,0.7,273.0,314.0,36,13,1,0.72,0.26,0.02,risky
63a56f0f-5f9e-4027-8022-7507d9670b30,7,70,14,10,0.7142857142857143,157.0,187.42857142857142,36,21,13,0.5142857142857142,0.3,0.18571428571428572,risky
63acc739-34f0-4fd6-8432-f440dc3dc0ad,36,360,38,33,0.868421052631579,488.0,650.3333333333334,179,162,19,0.49722222222222223,0.45,0.05277777777777778,good
63d03ad5-b97b-40e9-93a3-a1b604b8d817,8,69,8,5,0.625,205.0,227.6086956521739,36,30,3,0.5217391304347826,0.43478260869565216,0.043478260869565216,bad
63db8612-9af0-40f1-af70-4429d0d8f502,3,30,6,5,0.8333333333333334,605.0,578.0,8,20,2,0.26666666666666666,0.6666666666666666,0.06666666666666667,risky
64315f49-fbba-4fdb-84fa-21c163a6575d,4,20,4,1,0.25,219.5,220.5,14,5,1,0.7,0.25,0.05,unknown_low_controls
6445943f-f930-4a01-9598-4007b6776252,4,40,8,5,0.625,343.0,327.75,29,10,1,0.725,0.25,0.025,bad
6457752f-c420-4319-b288-a439e9c7b95d,7,70,7,4,0.5714285714285714,327.0,333.7142857142857,40,28,2,0.5714285714285714,0.4,0.02857142857142857,bad
64715929-e458-4644-8c97-7834f439288e,6,60,12,8,0.6666666666666666,367.5,411.3333333333333,38,20,2,0.6333333333333333,0.3333333333333333,0.03333333333333333,risky
64a466f4-eaee-4de2-88e2-f2913af707d9,26,260,26,21,0.8076923076923077,275.0,272.34615384615387,114,132,14,0.43846153846153846,0.5076923076923077,0.05384615384615385,risky
64ce24dc-01ef-47e5-97d6-5538d8cdc3af,4,40,5,3,0.6,843.5,740.25,22,17,1,0.55,0.425,0.025,bad
64ce894f-9be9-4f6a-82a3-179c82bb1fe9,23,230,23,19,0.8260869565217391,460.0,478.39130434782606,113,109,8,0.49130434782608695,0.47391304347826085,0.034782608695652174,risky
64d1484f-668d-4f9b-803b-1da6757f951f,13,65,13,10,0.7692307692307693,118.0,131.69230769230768,36,26,3,0.5538461538461539,0.4,0.046153846153846156,risky
64ec6924-b7ec-4715-8510-0a7eb30c9e0d,1,10,1,0,0.0,227.0,227.0,7,3,0,0.7,0.3,0.0,unknown_low_controls
65764463-f716-4090-897c-ff6f58f9314a,19,190,38,32,0.8421052631578947,744.0,804.6315789473684,83,98,9,0.4368421052631579,0.5157894736842106,0.04736842105263158,risky
658f5a5b-08f2-4728-ab92-aea176aa9223,9,90,14,10,0.7142857142857143,363.0,381.6666666666667,45,41,4,0.5,0.45555555555555555,0.044444444444444446,risky
65bf77ec-3397-4457-b285-29943cd30586,8,80,16,12,0.75,980.5,1052.75,54,23,3,0.675,0.2875,0.0375,risky
65c35c2f-eb74-4052-93de-cb0ca5b661cf,4,40,8,4,0.5,412.5,417.75,21,16,3,0.525,0.4,0.075,bad
65e2711c-a19e-40c9-ac31-def66b101dcd,14,140,28,23,0.8214285714285714,337.0,392.57142857142856,62,73,5,0.44285714285714284,0.5214285714285715,0.03571428571428571,risky
6602effa-540a-46c9-838c-2134fb1241d2,11,110,11,7,0.6363636363636364,335.0,328.8181818181818,85,18,7,0.7727272727272727,0.16363636363636364,0.06363636363636363,bad
66340ebd-6aef-4825-981a-8c12cc83f3e7,9,90,18,14,0.7777777777777778,249.0,260.1111111111111,49,35,6,0.5444444444444444,0.3888888888888889,0.06666666666666667,risky
663590ae-b94b-4dde-9dea-26e1215930b8,3,30,6,4,0.6666666666666666,626.0,597.3333333333334,22,7,1,0.7333333333333333,0.23333333333333334,0.03333333333333333,risky
66958c41-15fb-4f4d-ac8f-342b3b46981b,7,35,7,4,0.5714285714285714,119.0,143.71428571428572,20,10,5,0.5714285714285714,0.2857142857142857,0.14285714285714285,bad
66c09206-a731-40c3-8593-176b439bb4a3,15,150,30,23,0.7666666666666667,685.0,686.6666666666666,80,64,6,0.5333333333333333,0.4266666666666667,0.04,risky
66e0e71e-3999-4ac9-836b-a85c999d56df,4,40,6,4,0.6666666666666666,203.0,235.0,26,14,0,0.65,0.35,0.0,risky
66e7b75e-b14f-4367-9a46-f8294b3d9889,8,80,16,12,0.75,337.0,360.875,44,32,4,0.55,0.4,0.05,risky
66fbb4af-4e2c-40e7-ad4a-df2625c0241a,9,90,14,11,0.7857142857142857,357.0,366.77777777777777,49,34,7,0.5444444444444444,0.37777777777777777,0.07777777777777778,risky
670b006f-6dee-429b-887d-44ccecac7dcf,5,50,5,3,0.6,338.0,368.0,22,26,2,0.44,0.52,0.04,bad
670d1de6-eb0b-4923-9a34-88d218ac51da,8,80,8,6,0.75,431.5,439.25,40,34,6,0.5,0.425,0.075,risky
6725d47c-9464-4e96-ab3b-55cce68b27dd,13,130,26,20,0.7692307692307693,327.0,363.6923076923077,61,67,2,0.46923076923076923,0.5153846153846153,0.015384615384615385,risky
673d375a-5278-4ac0-9637-f4793ca79112,9,90,9,6,0.6666666666666666,517.0,478.3333333333333,55,34,1,0.6111111111111112,0.37777777777777777,0.011111111111111112,risky
674644c1-7c9c-408e-bbe8-84234a560570,57,570,69,57,0.8260869565217391,304.0,307.1578947368421,256,291,23,0.44912280701754387,0.5105263157894737,0.04035087719298246,risky
6749399d-dac2-4a5d-b974-0580a8faeb0a,8,80,16,11,0.6875,238.0,274.5,41,35,4,0.5125,0.4375,0.05,risky
6759c985-85c4-45d6-bcff-bc6cade4d9e6,3,30,6,5,0.8333333333333334,435.0,399.3333333333333,14,10,6,0.4666666666666667,0.3333333333333333,0.2,risky
677a3e9a-eb0b-48dd-80d8-324f979a93b0,3,30,6,5,0.8333333333333334,479.0,462.0,11,18,1,0.36666666666666664,0.6,0.03333333333333333,risky
6786a331-be19-41de-ad1b-b80086dfec39,1,10,1,0,0.0,312.0,312.0,1,7,2,0.1,0.7,0.2,unknown_low_controls
679ee4fc-03da-4882-b741-2d4201b67cda,10,95,10,6,0.6,106.0,248.1578947368421,56,35,4,0.5894736842105263,0.3684210526315789,0.042105263157894736,bad
67a65106-9728-4b1f-85b7-794e5f33ade5,1,10,2,1,0.5,686.0,686.0,5,4,1,0.5,0.4,0.1,unknown_low_controls
680344d4-6251-4f04-94b2-4b1a67d6f64c,26,260,26,22,0.8461538461538461,335.5,360.1923076923077,116,136,8,0.4461538461538462,0.5230769230769231,0.03076923076923077,risky
681184ec-1024-433f-a587-0027e311c7bf,2,20,4,3,0.75,340.0,340.0,14,6,0,0.7,0.3,0.0,unknown_low_controls
683ef251-944c-44f3-8ea6-730858bb4f0d,7,70,7,5,0.7142857142857143,799.0,753.8571428571429,46,18,6,0.6571428571428571,0.2571428571428571,0.08571428571428572,risky
688b471f-99ed-478d-b777-c7c1802d042d,2,20,2,0,0.0,306.5,306.5,14,4,2,0.7,0.2,0.1,unknown_low_controls
688e3866-c875-49a6-8a9c-dd89e9e83966,1,10,2,1,0.5,924.0,924.0,8,1,1,0.8,0.1,0.1,unknown_low_controls
68d06d1c-35b5-44ac-b272-ce1fb4c0c141,5,50,10,9,0.9,295.0,290.0,26,15,9,0.52,0.3,0.18,good
68f5b218-6eaa-469f-a91f-dd87a1465413,3,30,6,4,0.6666666666666666,443.0,443.0,21,8,1,0.7,0.26666666666666666,0.03333333333333333,risky
69050ee5-21c6-4a22-97c9-bf19c43578b3,8,80,8,5,0.625,381.5,396.25,34,42,4,0.425,0.525,0.05,bad
697f0e7d-2307-4687-8995-11be28235617,3,30,6,3,0.5,355.0,333.0,16,13,1,0.5333333333333333,0.43333333333333335,0.03333333333333333,bad
69869397-252c-4d90-8a55-2685ae475d44,11,110,15,11,0.7333333333333333,511.0,514.1818181818181,69,37,4,0.6272727272727273,0.33636363636363636,0.03636363636363636,risky
69929750-8574-427d-964a-29ec46c8e3e2,3,30,6,3,0.5,295.0,306.3333333333333,11,17,2,0.36666666666666664,0.5666666666666667,0.06666666666666667,bad
69a7fcca-5ef7-4c1f-8508-0e08779e603b,1,5,1,0,0.0,78.0,78.0,3,1,1,0.6,0.2,0.2,unknown_low_controls
69be791a-eb85-4111-90cc-26e119933f9f,1,10,1,0,0.0,1065.0,1065.0,5,4,1,0.5,0.4,0.1,unknown_low_controls
6a07751e-3d7e-4c44-8e61-06ebe4e2ef3d,5,50,10,7,0.7,321.0,319.4,29,15,6,0.58,0.3,0.12,risky
6a260ce0-4789-4437-a58d-29df89dcd12e,1,10,1,1,1.0,417.0,417.0,5,5,0,0.5,0.5,0.0,unknown_low_controls
6a40c145-e6f8-4b13-86c6-78335931116d,17,170,17,13,0.7647058823529411,936.0,992.8823529411765,102,58,10,0.6,0.3411764705882353,0.058823529411764705,risky
6a576a7b-2c17-4c9e-a8e4-1b078fc995a3,6,60,12,8,0.6666666666666666,328.0,325.1666666666667,32,25,3,0.5333333333333333,0.4166666666666667,0.05,risky
6a7208d0-bc01-4bf4-aa5c-fc488b5b5acd,1,10,2,1,0.5,326.0,326.0,5,4,1,0.5,0.4,0.1,unknown_low_controls
6a75ddd4-561d-499b-80d6-6f26b9b2f1fd,12,120,24,19,0.7916666666666666,684.0,849.8333333333334,68,46,6,0.5666666666666667,0.38333333333333336,0.05,risky
6a7c4704-75eb-4b57-84ba-f253e36fef50,6,60,12,10,0.8333333333333334,250.5,288.6666666666667,41,18,1,0.6833333333333333,0.3,0.016666666666666666,risky
6a9554dd-561d-4b0e-9d86-016244ccdc62,9,90,9,5,0.5555555555555556,398.0,395.3333333333333,50,40,0,0.5555555555555556,0.4444444444444444,0.0,bad
6a9baea9-3f41-4368-b312-5d180dc3a1a6,6,60,12,7,0.5833333333333334,177.5,176.66666666666666,19,31,10,0.31666666666666665,0.5166666666666667,0.16666666666666666,bad
6ae9b072-60e6-4944-8f02-2f03872a1212,7,70,7,5,0.7142857142857143,320.0,313.7142857142857,38,31,1,0.5428571428571428,0.44285714285714284,0.014285714285714285,risky
6b05c934-6822-4a70-ba3f-ba18a83317ab,2,20,4,2,0.5,617.0,617.0,14,5,1,0.7,0.25,0.05,unknown_low_controls
6b1a14c7-7d42-4279-abb4-0e67ad93131a,14,140,20,16,0.8,569.0,594.7857142857143,78,62,0,0.5571428571428572,0.44285714285714284,0.0,risky
6b40cb2e-cb75-42ea-a971-149e027467e8,2,20,4,2,0.5,299.0,299.0,14,6,0,0.7,0.3,0.0,unknown_low_controls
6b74fd52-b06e-4935-88bf-7aabf8b6ac61,4,40,8,4,0.5,350.0,373.0,18,21,1,0.45,0.525,0.025,bad
6b9a6559-7bd3-4fdf-8654-7b187210956f,2,20,4,3,0.75,247.5,247.5,10,8,2,0.5,0.4,0.1,unknown_low_controls
6bd30d0a-e1a6-4265-a355-035e6e199e7e,1,10,2,1,0.5,336.0,336.0,5,5,0,0.5,0.5,0.0,unknown_low_controls
6be74c18-0a78-4388-ad1f-997dff30c0c6,5,50,10,7,0.7,199.0,217.0,33,14,3,0.66,0.28,0.06,risky
6bfe7a47-17d1-45e0-a39e-94b76bb79d16,4,40,4,3,0.75,257.0,293.75,27,10,3,0.675,0.25,0.075,unknown_low_controls
6c2bb2f3-a572-44e9-bae7-38fe639c9536,4,40,8,4,0.5,453.0,464.75,30,9,1,0.75,0.225,0.025,bad
6c2fb714-159f-410c-adeb-6b6126f26461,2,20,4,3,0.75,422.0,422.0,10,9,1,0.5,0.45,0.05,unknown_low_controls
6c325b18-c697-4450-81f4-aab5b9572496,1,10,2,1,0.5,448.0,448.0,8,2,0,0.8,0.2,0.0,unknown_low_controls
6c3678c8-a3d1-4a62-b806-d6047f87755e,36,360,36,31,0.8611111111111112,413.5,447.75,161,168,31,0.44722222222222224,0.4666666666666667,0.08611111111111111,good
6c395f85-f630-46e8-bc52-c06d72dc1c05,8,80,16,12,0.75,348.0,416.375,39,36,5,0.4875,0.45,0.0625,risky
6c5ec120-f865-4df2-965f-71eae7f9b0aa,3,30,6,3,0.5,273.0,314.3333333333333,23,4,3,0.7666666666666667,0.13333333333333333,0.1,bad
6c602d93-c759-49e7-b21d-122d5df20232,5,50,8,5,0.625,302.0,334.6,29,21,0,0.58,0.42,0.0,bad
6c6f9d1d-9a3a-4e1f-ac6b-61958d591390,1,10,2,1,0.5,358.0,358.0,6,3,1,0.6,0.3,0.1,unknown_low_controls
6c7a6369-37ea-4a58-b279-bd1102e6605b,2,20,4,2,0.5,239.5,239.5,9,9,2,0.45,0.45,0.1,unknown_low_controls
6ca201ac-3737-4ebd-bd69-6a895e619158,2,20,4,2,0.5,312.5,312.5,16,4,0,0.8,0.2,0.0,unknown_low_controls
6cb3cbe7-bb4e-4715-bb2b-71ae667f7533,4,40,8,5,0.625,313.0,298.0,28,10,2,0.7,0.25,0.05,bad
6cfc6d17-0d83-4c71-bfc2-22d8bf65bcde,3,30,3,1,0.3333333333333333,178.0,205.33333333333334,17,8,5,0.5666666666666667,0.26666666666666666,0.16666666666666666,unknown_low_controls
6d4c6ce8-c325-4a25-8064-1736bcf1f4a6,22,220,22,18,0.8181818181818182,341.0,403.0,104,114,2,0.4727272727272727,0.5181818181818182,0.00909090909090909,risky
6d640f5f-39c2-41a6-b85e-402691fc6c23,7,70,14,10,0.7142857142857143,550.0,607.2857142857143,38,30,2,0.5428571428571428,0.42857142857142855,0.02857142857142857,risky
6d8cc90f-e871-48b6-b063-6ae1e6987643,1,10,2,0,0.0,449.0,449.0,8,1,1,0.8,0.1,0.1,unknown_low_controls
6d9effef-2b5f-495b-97a8-4a86fbd693b2,17,170,17,13,0.7647058823529411,298.0,357.1764705882353,101,67,2,0.5941176470588235,0.3941176470588235,0.011764705882352941,risky
6de292ac-bba4-4e08-ab69-5319a33ec0d2,4,40,8,6,0.75,386.5,382.5,28,12,0,0.7,0.3,0.0,risky
6de4cfb7-417a-459f-8543-5e6306053946,3,30,6,3,0.5,322.0,275.3333333333333,15,15,0,0.5,0.5,0.0,bad
6df9c96c-ed3d-42d8-a1fc-e2b51aa9e432,2,20,4,1,0.25,755.5,755.5,14,5,1,0.7,0.25,0.05,unknown_low_controls
6e039411-3e1b-4aff-8501-0ab18428c4bb,7,35,7,3,0.42857142857142855,302.0,331.7142857142857,24,10,1,0.6857142857142857,0.2857142857142857,0.02857142857142857,bad
6e27648f-f775-49e1-b388-90af2ae4a713,1,10,2,1,0.5,758.0,758.0,6,3,1,0.6,0.3,0.1,unknown_low_controls
6e81baa7-f075-4560-852e-de743be5842a,2,20,4,2,0.5,171.0,171.0,11,8,1,0.55,0.4,0.05,unknown_low_controls
6eaebfb1-bda9-4b43-8823-79722578b54b,2,20,4,1,0.25,328.0,328.0,12,8,0,0.6,0.4,0.0,unknown_low_controls
6ebf6fc9-8d3c-4980-a88c-82b322f11e75,12,120,24,19,0.7916666666666666,304.0,364.5,40,78,2,0.3333333333333333,0.65,0.016666666666666666,risky
6ef7746a-7eab-4301-b842-a13667b620ac,4,40,4,3,0.75,354.5,336.5,22,14,4,0.55,0.35,0.1,unknown_low_controls
6efe3700-3971-4b02-babe-cae58d63dabc,2,20,2,1,0.5,573.5,573.5,14,5,1,0.7,0.25,0.05,unknown_low_controls
6f1a2a6e-e3e5-4713-b9da-2b80f6d32f74,2,20,2,1,0.5,408.0,408.0,14,6,0,0.7,0.3,0.0,unknown_low_controls
6f3869b1-925d-449c-a08e-938844737c9c,8,80,13,9,0.6923076923076923,601.0,586.125,43,33,4,0.5375,0.4125,0.05,risky
6f613442-6ee5-45c1-bd24-81f7f21ecba2,6,30,6,4,0.6666666666666666,130.0,148.0,14,13,3,0.4666666666666667,0.43333333333333335,0.1,risky
6f65cd24-3ccf-40f1-bdb6-11af7a90161e,4,20,4,2,0.5,186.5,187.0,8,12,0,0.4,0.6,0.0,unknown_low_controls
6f756ec2-41dd-46af-bbba-f2f1c264bf45,3,30,6,2,0.3333333333333333,424.0,770.3333333333334,17,13,0,0.5666666666666667,0.43333333333333335,0.0,bad
6f7dd6cd-5075-42e3-8215-2b9e20e81b07,5,50,10,8,0.8,489.0,504.4,17,18,15,0.34,0.36,0.3,risky
6fb45fc6-cdc0-4d1a-b228-e742c5a3ce12,10,100,20,16,0.8,436.5,450.3,59,34,7,0.59,0.34,0.07,risky
6fd7058e-d62e-44d8-8998-47073757c4e6,18,180,36,29,0.8055555555555556,289.5,321.5,104,69,7,0.5777777777777777,0.38333333333333336,0.03888888888888889,risky
6fd86b24-a0ae-4578-b7ed-16a5e0313a6b,20,187,20,16,0.8,210.0,215.99465240641712,91,86,10,0.48663101604278075,0.45989304812834225,0.053475935828877004,risky
6fe12fb4-a231-487e-8e27-13f9c5b1b5f9,2,20,4,2,0.5,274.0,274.0,10,8,2,0.5,0.4,0.1,unknown_low_controls
6feebcc0-a9fc-4317-9e6d-608b2e9cabb3,6,60,12,7,0.5833333333333334,335.5,548.3333333333334,40,20,0,0.6666666666666666,0.3333333333333333,0.0,bad
6ff20281-9638-4e98-b4ad-02af97024b1a,2,20,4,1,0.25,180.5,180.5,9,10,1,0.45,0.5,0.05,unknown_low_controls
7005ac0c-f157-4765-a0f8-68b61236c9e8,3,30,6,4,0.6666666666666666,295.0,303.0,15,14,1,0.5,0.4666666666666667,0.03333333333333333,risky
70121e30-eb1f-4f3d-9491-f680f4679298,9,90,18,14,0.7777777777777778,335.0,353.6666666666667,64,25,1,0.7111111111111111,0.2777777777777778,0.011111111111111112,risky
703a49ca-936b-4728-9a60-e1a874e8af34,4,40,8,4,0.5,596.0,546.0,19,16,5,0.475,0.4,0.125,bad
7049dbd9-ac08-446c-ac57-e59787c56a15,3,30,6,2,0.3333333333333333,285.0,259.3333333333333,22,6,2,0.7333333333333333,0.2,0.06666666666666667,bad
704b8bfb-c0a7-4525-92d7-67b34454a0dd,21,210,42,35,0.8333333333333334,336.0,420.4761904761905,100,108,2,0.47619047619047616,0.5142857142857142,0.009523809523809525,risky
7051640c-9e72-464c-8123-182761b1ed4a,8,80,9,5,0.5555555555555556,262.0,272.625,51,25,4,0.6375,0.3125,0.05,bad
707a659c-cb02-49f2-b8bc-c4e3bad88950,7,70,9,5,0.5555555555555556,565.0,690.7142857142857,42,23,5,0.6,0.32857142857142857,0.07142857142857142,bad
707e7bed-5205-4758-ae2d-7ec19ef81d3c,6,60,6,3,0.5,252.0,273.5,37,15,8,0.6166666666666667,0.25,0.13333333333333333,bad
707ffe85-7362-4eb4-93a1-7af7bd362b3c,2,20,4,1,0.25,480.0,480.0,10,9,1,0.5,0.45,0.05,unknown_low_controls
7092c2b6-9592-41cf-9a60-69bd60ef6716,1,10,2,0,0.0,775.0,775.0,8,1,1,0.8,0.1,0.1,unknown_low_controls
70c051e8-88be-456d-b1b3-a0780fa39028,1,10,2,0,0.0,483.0,483.0,6,4,0,0.6,0.4,0.0,unknown_low_controls
70d435c8-d085-408b-b8fb-03bdec404bfd,7,70,14,10,0.7142857142857143,794.0,788.7142857142857,40,26,4,0.5714285714285714,0.37142857142857144,0.05714285714285714,risky
7110f726-641a-4ff0-b5c4-f47173849109,8,80,16,12,0.75,575.5,568.5,40,38,2,0.5,0.475,0.025,risky
7118c7b6-aafb-4619-ad46-64a596fce344,4,40,8,4,0.5,404.0,412.25,28,12,0,0.7,0.3,0.0,bad
7132ee51-bfe6-41a1-8157-7141d80a23e5,3,30,6,3,0.5,317.0,421.0,17,13,0,0.5666666666666667,0.43333333333333335,0.0,bad
715002ac-5984-47aa-8de1-c897c0aceae8,5,50,9,5,0.5555555555555556,968.0,871.4,25,24,1,0.5,0.48,0.02,bad
7160bff5-b032-42d6-ba71-8831d7d5ef5f,4,40,8,5,0.625,246.5,241.75,27,13,0,0.675,0.325,0.0,bad
71a348d8-44a7-49a4-b6d2-f32b31286ee4,13,130,13,10,0.7692307692307693,514.0,537.3076923076923,63,59,8,0.4846153846153846,0.45384615384615384,0.06153846153846154,risky
71cedfaf-41c8-47bf-bd84-a6140d5434a1,37,370,37,30,0.8108108108108109,563.0,574.8378378378378,227,116,27,0.6135135135135135,0.31351351351351353,0.07297297297297298,risky
71ceebe6-0608-4137-a090-d30d941c8a43,8,80,16,12,0.75,322.5,352.625,43,31,6,0.5375,0.3875,0.075,risky
71d24d67-8db6-438e-ba17-33a54a77909c,1,10,2,1,0.5,348.0,348.0,7,3,0,0.7,0.3,0.0,unknown_low_controls
71da7667-c6ee-4595-a73e-e73fb97d6d51,11,110,22,18,0.8181818181818182,1537.0,1290.5454545454545,51,49,10,0.4636363636363636,0.44545454545454544,0.09090909090909091,risky
71f252ed-630c-4ff7-a111-0a0268ba8022,17,170,19,15,0.7894736842105263,120.0,149.47058823529412,91,68,11,0.5352941176470588,0.4,0.06470588235294118,risky
720096e2-6239-416c-9582-9eb355acf775,5,50,10,7,0.7,241.0,286.6,26,24,0,0.52,0.48,0.0,risky
72069f14-960f-4450-a698-ec4b4f9f3628,16,160,16,12,0.75,522.0,550.3125,104,47,9,0.65,0.29375,0.05625,risky
724fe5db-8100-49e5-9c81-fc144bd1056c,23,230,32,26,0.8125,236.0,244.7391304347826,126,95,9,0.5478260869565217,0.41304347826086957,0.0391304347826087,risky
727ddc6a-49d7-44a8-8ff2-dc1aacb34210,5,50,10,5,0.5,374.0,340.8,33,13,4,0.66,0.26,0.08,bad
7294b9ee-cb5c-48fa-94d6-9ba8ded7be29,2,20,4,3,0.75,330.5,330.5,11,5,4,0.55,0.25,0.2,unknown_low_controls
72b0afac-9b0d-4a91-9fae-219dacae37bd,1,10,2,0,0.0,393.0,393.0,5,3,2,0.5,0.3,0.2,unknown_low_controls
72d8ea98-216c-46e4-8723-4180567544f1,9,90,18,14,0.7777777777777778,172.0,209.33333333333334,52,38,0,0.5777777777777777,0.4222222222222222,0.0,risky
72edade4-4273-4b09-bbc6-5c5f1129185f,4,20,4,2,0.5,163.5,142.5,14,6,0,0.7,0.3,0.0,unknown_low_controls
72f7e369-450b-4fa0-885c-aaf775a7be5d,8,80,16,12,0.75,271.0,281.625,49,26,5,0.6125,0.325,0.0625,risky
7307e66d-a2a2-4073-bb92-8fff12af8793,2,20,2,0,0.0,703.0,703.0,14,5,1,0.7,0.25,0.05,unknown_low_controls
7310baed-1694-4d9a-9b92-d851a843fbbf,27,270,27,23,0.8518518518518519,318.0,411.14814814814815,106,155,9,0.3925925925925926,0.5740740740740741,0.03333333333333333,good
7320e4ca-d4e2-4732-97d8-7731ad3697da,6,60,12,8,0.6666666666666666,333.0,330.6666666666667,35,24,1,0.5833333333333334,0.4,0.016666666666666666,risky
733b2fb3-fb46-48d6-a1b4-40a8665743f9,2,20,4,1,0.25,252.5,252.5,13,5,2,0.65,0.25,0.1,unknown_low_controls
7363e8df-9118-4a17-ac6c-efa90abf7d5e,16,160,16,12,0.75,591.0,641.125,80,69,11,0.5,0.43125,0.06875,risky
73862406-9b66-4105-b754-eb71f5913f36,21,210,42,36,0.8571428571428571,423.0,440.0,126,79,5,0.6,0.3761904761904762,0.023809523809523808,good
7388a351-98f8-4df2-9cb5-dc1e85e6bfc7,4,40,4,3,0.75,1095.5,1212.25,24,14,2,0.6,0.35,0.05,unknown_low_controls
73ad3f4e-06c6-4c5b-bed5-b22fc4e521ad,2,20,4,1,0.25,415.5,415.5,15,4,1,0.75,0.2,0.05,unknown_low_controls
73dfd64d-7c0d-4894-8cb0-0c3860f51df3,27,270,27,21,0.7777777777777778,392.0,409.74074074074076,148,97,25,0.5481481481481482,0.3592592592592593,0.09259259259259259,risky
740180e5-d4e1-432d-9182-4a193add4014,5,50,10,6,0.6,281.0,317.8,36,14,0,0.72,0.28,0.0,bad
741def81-23de-4d25-a3ae-8e12f770fec3,15,75,15,12,0.8,128.0,138.6,34,36,5,0.4533333333333333,0.48,0.06666666666666667,risky
7427c587-2fe1-4369-9b1f-e841e26a90da,2,20,4,4,1.0,457.0,457.0,11,8,1,0.55,0.4,0.05,unknown_low_controls
743eb9dc-785c-4c4a-8571-cae2fa174697,11,110,12,9,0.75,523.0,580.0,62,45,3,0.5636363636363636,0.4090909090909091,0.02727272727272727,risky
748f1c31-9b28-4eba-9103-f2334fc7e762,10,100,10,6,0.6,933.5,884.0,48,46,6,0.48,0.46,0.06,bad
7492805a-5ebc-4a7d-8531-f1298cc4bcd6,13,130,13,9,0.6923076923076923,373.0,400.6923076923077,59,62,9,0.45384615384615384,0.47692307692307695,0.06923076923076923,risky
74cbaaea-7139-4409-b93e-ff44ba507950,5,50,10,6,0.6,408.0,433.0,23,22,5,0.46,0.44,0.1,bad
74cc6f49-8332-40ff-95fc-a644315d1bc5,2,20,4,2,0.5,288.0,288.0,11,5,4,0.55,0.25,0.2,unknown_low_controls
74e12633-c9d2-44e4-a961-e4343b6a0e33,1,10,2,1,0.5,584.0,584.0,2,8,0,0.2,0.8,0.0,unknown_low_controls
74ef10c4-44c8-4494-a2e5-0dd5296467e0,8,45,9,6,0.6666666666666666,261.0,295.0,20,20,5,0.4444444444444444,0.4444444444444444,0.1111111111111111,risky
74f1af45-be57-4985-8346-13a3146c61b8,9,90,9,8,0.8888888888888888,552.0,542.0,48,38,4,0.5333333333333333,0.4222222222222222,0.044444444444444446,good
7507c5bb-a18c-4c05-8c36-dc437b456db5,13,130,14,9,0.6428571428571429,524.0,622.3076923076923,58,64,8,0.4461538461538462,0.49230769230769234,0.06153846153846154,bad
752ca130-631f-4539-a952-6de2dad81826,16,160,16,12,0.75,281.5,297.3125,81,78,1,0.50625,0.4875,0.00625,risky
75375e55-2e17-4c32-a9b6-194d2d9477b6,10,100,10,7,0.7,365.0,369.5,59,38,3,0.59,0.38,0.03,risky
75509d89-cfef-4a21-9b11-d57bf807ab7a,34,332,34,27,0.7941176470588235,494.0,526.0301204819277,137,174,21,0.4126506024096386,0.5240963855421686,0.06325301204819277,risky
7572b6dd-216d-422a-b055-1dfb2c20baa6,7,70,7,4,0.5714285714285714,244.0,279.57142857142856,51,19,0,0.7285714285714285,0.2714285714285714,0.0,bad
758fdb0a-3269-4cf8-88b2-135772c17e78,2,20,4,1,0.25,274.5,274.5,15,4,1,0.75,0.2,0.05,unknown_low_controls
75b31830-95c2-4102-bce0-2479897005f2,8,77,16,12,0.75,402.0,671.2727272727273,45,29,3,0.5844155844155844,0.37662337662337664,0.03896103896103896,risky
75d39522-64e6-4ccc-9327-27840b1a9a5f,4,40,4,1,0.25,214.5,214.5,22,17,1,0.55,0.425,0.025,unknown_low_controls
7603776f-44ea-4109-b391-8a42d65b25d3,36,360,36,28,0.7777777777777778,579.0,626.4722222222222,150,200,10,0.4166666666666667,0.5555555555555556,0.027777777777777776,risky
76229786-d804-4845-baad-2ead2760bdbd,4,40,4,3,0.75,425.0,494.75,18,18,4,0.45,0.45,0.1,unknown_low_controls
7624d041-bf9b-41b1-b976-92d1937ac130,2,20,4,2,0.5,780.5,780.5,12,8,0,0.6,0.4,0.0,unknown_low_controls
7632e11b-67c4-43f5-83ba-4ff4a6b56223,3,30,6,4,0.6666666666666666,311.0,331.3333333333333,23,7,0,0.7666666666666667,0.23333333333333334,0.0,risky
763457f1-c16b-4ebd-8e24-28d9c53fd469,12,120,12,8,0.6666666666666666,401.0,545.6666666666666,53,63,4,0.44166666666666665,0.525,0.03333333333333333,risky
7659b6af-35e8-4c6d-9889-863be6095636,13,130,26,20,0.7692307692307693,314.0,333.9230769230769,63,65,2,0.4846153846153846,0.5,0.015384615384615385,risky
7690be6c-c6e1-41c9-8593-4d466689cd3f,19,190,19,17,0.8947368421052632,332.0,386.94736842105266,108,78,4,0.5684210526315789,0.4105263157894737,0.021052631578947368,good
76a8e534-99d6-4d30-aabe-d79c79ddb751,2,20,4,1,0.25,683.0,683.0,19,0,1,0.95,0.0,0.05,unknown_low_controls
76b22aa5-6c99-45b8-b32d-f185819f280e,4,40,8,5,0.625,433.5,724.75,25,14,1,0.625,0.35,0.025,bad
76dd15f1-3d85-4a98-ba06-7b73462b380a,2,20,4,2,0.5,421.0,421.0,8,11,1,0.4,0.55,0.05,unknown_low_controls
76ea50e0-109c-4373-8dcf-2d96c89fe8a7,2,20,4,2,0.5,366.0,366.0,16,3,1,0.8,0.15,0.05,unknown_low_controls
76f7436d-4ff2-4cbf-b6a0-d0603531380f,12,120,18,14,0.7777777777777778,378.5,414.5833333333333,81,38,1,0.675,0.31666666666666665,0.008333333333333333,risky
76fbfc9a-6fb0-4c8c-922f-9b13a33a49f3,1,10,2,0,0.0,251.0,251.0,9,1,0,0.9,0.1,0.0,unknown_low_controls
76fc12f0-a72e-4b21-84c5-4693390da2c0,6,60,12,8,0.6666666666666666,1124.5,1096.1666666666667,37,22,1,0.6166666666666667,0.36666666666666664,0.016666666666666666,risky
77183bbd-d1ca-45b8-88fa-f82379994d71,24,231,37,30,0.8108108108108109,393.0,453.7445887445887,122,97,12,0.5281385281385281,0.4199134199134199,0.05194805194805195,risky
7765b07e-4c12-4547-8cac-83761c1f7ccd,7,70,7,5,0.7142857142857143,775.0,756.5714285714286,36,31,3,0.5142857142857142,0.44285714285714284,0.04285714285714286,risky
77738820-93ad-4a0c-a811-c0068b4af95f,5,50,10,6,0.6,726.0,679.4,20,22,8,0.4,0.44,0.16,bad
7773a13f-bf33-424f-acae-f938497b851e,1,10,1,0,0.0,462.0,462.0,3,7,0,0.3,0.7,0.0,unknown_low_controls
777ce5a8-699e-4e45-bb83-b43842a062f4,1,10,2,1,0.5,386.0,386.0,5,5,0,0.5,0.5,0.0,unknown_low_controls
7780e3a0-9b9d-465f-a548-5439f91caa6d,9,90,9,6,0.6666666666666666,1128.0,1164.111111111111,62,25,3,0.6888888888888889,0.2777777777777778,0.03333333333333333,risky
77819419-6422-42df-9db5-1c4b97e984a0,19,190,38,32,0.8421052631578947,723.0,746.1052631578947,117,73,0,0.6157894736842106,0.38421052631578945,0.0,risky
77b09ce9-212a-4a3b-9b3b-1984400c2ebd,1,10,2,0,0.0,388.0,388.0,6,3,1,0.6,0.3,0.1,unknown_low_controls
77b4bd33-406b-41ce-8ca4-cd3e59efea25,24,120,24,20,0.8333333333333334,172.5,214.45833333333334,45,70,5,0.375,0.5833333333333334,0.041666666666666664,risky
77bfae1b-8760-4a7f-b432-98fe43b25cc3,9,90,9,6,0.6666666666666666,237.0,368.0,49,35,6,0.5444444444444444,0.3888888888888889,0.06666666666666667,risky
77cdc666-5314-496f-8c06-ef82f9da7c4f,6,60,12,8,0.6666666666666666,426.0,406.3333333333333,36,23,1,0.6,0.38333333333333336,0.016666666666666666,risky
78035928-9f3b-4829-94e1-c29110fd1e35,10,100,20,15,0.75,1260.0,1192.5,64,33,3,0.64,0.33,0.03,risky
7813f0d4-b44b-4e60-9479-54e44cf51a33,18,180,18,14,0.7777777777777778,317.0,330.44444444444446,91,75,14,0.5055555555555555,0.4166666666666667,0.07777777777777778,risky
78243bd6-d3ad-4cc8-b932-8eca2d28d895,2,20,2,1,0.5,344.0,344.0,7,12,1,0.35,0.6,0.05,unknown_low_controls
7840c9cf-2adf-4fa1-bc6f-54c82eb48230,6,60,12,9,0.75,351.0,334.8333333333333,36,22,2,0.6,0.36666666666666664,0.03333333333333333,risky
78441a04-5bb4-497b-9dfb-bfb2a03451e8,10,100,20,16,0.8,650.0,698.4,60,35,5,0.6,0.35,0.05,risky
78b5eaa1-41f1-4ea5-a9a9-af9f7091cfd1,5,50,10,5,0.5,507.0,509.4,34,16,0,0.68,0.32,0.0,bad
78cf89c7-4b7b-4416-8abe-701f1ef5ca05,6,60,12,10,0.8333333333333334,280.0,292.1666666666667,34,23,3,0.5666666666666667,0.38333333333333336,0.05,risky
78d4f0f2-4eab-450e-9499-96533cda9243,5,50,7,4,0.5714285714285714,419.0,388.2,31,14,5,0.62,0.28,0.1,bad
790ca2a7-48d5-4984-a947-138da6b75326,14,70,14,10,0.7142857142857143,319.5,324.57142857142856,32,35,3,0.45714285714285713,0.5,0.04285714285714286,risky
791e36fc-6996-4859-8c0a-efc3d27dc50f,5,50,10,6,0.6,195.0,201.6,24,22,4,0.48,0.44,0.08,bad
791e3de0-4d86-447b-b833-e016108d1ee5,1,10,1,1,1.0,426.0,426.0,8,1,1,0.8,0.1,0.1,unknown_low_controls
79425436-698e-4121-8103-bb98400c9c2e,23,165,23,19,0.8260869565217391,862.0,786.5757575757576,57,103,5,0.34545454545454546,0.6242424242424243,0.030303030303030304,risky
7961d6fb-ce1b-4bfd-92ec-bed9d40249e5,1,10,2,1,0.5,442.0,442.0,4,6,0,0.4,0.6,0.0,unknown_low_controls
7965456c-e0ca-4c5d-9ef7-6dded3aaa2b8,6,60,12,8,0.6666666666666666,491.5,459.8333333333333,26,31,3,0.43333333333333335,0.5166666666666667,0.05,risky
799e25d9-38d4-4d6f-879a-6f855a180310,9,90,9,7,0.7777777777777778,630.0,638.8888888888889,47,42,1,0.5222222222222223,0.4666666666666667,0.011111111111111112,risky
79a56814-c1df-4e4f-b2b2-67c83ee2ec63,1,10,1,0,0.0,588.0,588.0,7,3,0,0.7,0.3,0.0,unknown_low_controls
79c36fe1-f1e1-42c8-915f-3747f2063a1a,4,40,8,5,0.625,473.5,461.0,19,18,3,0.475,0.45,0.075,bad
7a111b7c-9737-4ab3-9a97-457dd39d7146,5,50,5,2,0.4,838.0,779.2,33,17,0,0.66,0.34,0.0,bad
7a4023f6-cad6-40d1-a8f9-bf4cd517e347,12,120,24,19,0.7916666666666666,430.5,467.3333333333333,73,44,3,0.6083333333333333,0.36666666666666664,0.025,risky
7a849924-67dd-4e1c-b21b-4b29b58cf8e5,7,67,14,10,0.7142857142857143,663.0,833.6567164179105,30,32,5,0.44776119402985076,0.47761194029850745,0.07462686567164178,risky
7a95938f-9959-44b9-9a54-823ab185dafb,7,70,12,9,0.75,222.0,224.14285714285714,34,34,2,0.4857142857142857,0.4857142857142857,0.02857142857142857,risky
7ad094ba-a2e8-4d5f-a9b5-e17e4d6ef6df,3,30,6,2,0.3333333333333333,1298.0,1259.3333333333333,19,8,3,0.6333333333333333,0.26666666666666666,0.1,bad
7b414a0e-c07d-4cd6-99e2-1c978b67bf9e,4,40,8,5,0.625,867.5,883.5,23,16,1,0.575,0.4,0.025,bad
7b87bb68-3e6b-4d6a-bcdd-9611bd46d546,10,60,12,8,0.6666666666666666,148.0,173.75,29,27,4,0.48333333333333334,0.45,0.06666666666666667,risky
7bb5aa75-86db-40fa-8494-601ffb3ccf01,3,30,3,0,0.0,360.0,417.6666666666667,22,8,0,0.7333333333333333,0.26666666666666666,0.0,unknown_low_controls
7bcb0241-2bda-4213-a5d6-2c290381b1a5,8,80,8,4,0.5,208.0,212.25,36,37,7,0.45,0.4625,0.0875,bad
7bcfe008-22d9-47bb-a01d-bead97f54383,4,40,4,2,0.5,579.5,667.75,24,15,1,0.6,0.375,0.025,unknown_low_controls
7bd77f54-800e-4c5a-8f50-f311ed17c2e6,2,20,4,0,0.0,403.5,403.5,18,2,0,0.9,0.1,0.0,unknown_low_controls
7c2c9b8d-62ef-40ae-9565-93324644cb6a,2,20,4,1,0.25,321.5,321.5,12,7,1,0.6,0.35,0.05,unknown_low_controls
7c430bc5-362d-44aa-829a-6670a5292632,1,10,2,1,0.5,42.0,42.0,8,2,0,0.8,0.2,0.0,unknown_low_controls
7c4347a2-196e-4094-99ca-b893e477c12b,4,40,4,1,0.25,548.5,556.25,20,19,1,0.5,0.475,0.025,unknown_low_controls
7c5d8387-5c84-4d99-9a41-dc291edea85e,12,120,12,8,0.6666666666666666,127.5,135.5,66,43,11,0.55,0.35833333333333334,0.09166666666666666,risky
7c903a39-63a0-4744-ba46-3af1f641f49f,3,30,5,2,0.4,447.0,524.0,18,11,1,0.6,0.36666666666666664,0.03333333333333333,bad
7cada099-a212-406b-9c7b-096b551e68bd,8,80,10,6,0.6,208.0,201.125,49,30,1,0.6125,0.375,0.0125,bad
7cafc025-f2c2-459d-8b16-d55ddad8616c,21,210,21,16,0.7619047619047619,214.0,232.8095238095238,97,91,22,0.46190476190476193,0.43333333333333335,0.10476190476190476,risky
7cb246c7-d98b-4c33-853d-1540d0d67b7d,11,110,13,9,0.6923076923076923,557.0,687.5454545454545,62,39,9,0.5636363636363636,0.35454545454545455,0.08181818181818182,risky
7cbe50c6-6d8c-4c80-8097-b4a1263dc91e,1,10,1,0,0.0,227.0,227.0,5,5,0,0.5,0.5,0.0,unknown_low_controls
7cc840d0-51e3-4411-8c5c-1c8617a574a8,8,80,13,9,0.6923076923076923,316.0,351.25,39,36,5,0.4875,0.45,0.0625,risky
7ccf622a-2c17-46e3-ab91-a4a9de1d4bf3,4,40,8,4,0.5,168.0,216.75,24,13,3,0.6,0.325,0.075,bad
7ce1f1a8-a8cd-47e3-8cd9-6610d08858a3,10,100,20,16,0.8,181.5,182.0,28,49,23,0.28,0.49,0.23,risky
7ce7618d-9b6f-4c7e-8dc9-57fe08a5a0b3,10,100,20,16,0.8,457.0,473.4,66,33,1,0.66,0.33,0.01,risky
7cfeebe7-602e-4cb7-bf8c-54aacd37bd99,11,110,22,18,0.8181818181818182,465.0,693.3636363636364,49,49,12,0.44545454545454544,0.44545454545454544,0.10909090909090909,risky
7d054b9c-b8aa-4d71-bc1c-c47b010158dd,18,180,36,30,0.8333333333333334,396.0,408.8888888888889,87,89,4,0.48333333333333334,0.49444444444444446,0.022222222222222223,risky
7d341359-2967-4f13-a5de-e18ee75f2178,3,30,6,2,0.3333333333333333,261.0,263.3333333333333,18,9,3,0.6,0.3,0.1,bad
7d75be7c-aac4-4271-a68c-a90d6d6af4c0,8,80,11,6,0.5454545454545454,189.5,181.25,50,25,5,0.625,0.3125,0.0625,bad
7da28766-afd9-4868-97ce-ba50ff4dcf20,4,40,8,5,0.625,539.0,592.5,23,14,3,0.575,0.35,0.075,bad
7dc5b231-9d76-4200-8573-2666cfd9b793,13,130,13,9,0.6923076923076923,314.0,513.6153846153846,62,61,7,0.47692307692307695,0.46923076923076923,0.05384615384615385,risky
7dd71c04-c090-4634-82f8-21e58a8a0bee,2,20,4,2,0.5,681.0,681.0,13,5,2,0.65,0.25,0.1,unknown_low_controls
7df1a450-c957-42d9-b2f8-ec1780c0c15e,19,170,19,15,0.7894736842105263,408.0,438.2352941176471,101,63,6,0.5941176470588235,0.37058823529411766,0.03529411764705882,risky
7e2b8c85-cdc9-4875-9064-c3f40603224f,2,20,4,1,0.25,294.5,294.5,12,6,2,0.6,0.3,0.1,unknown_low_controls
7e4a209a-3f1a-41ba-8fd5-c5716ea81bec,12,120,24,18,0.75,244.5,295.8333333333333,78,40,2,0.65,0.3333333333333333,0.016666666666666666,risky
7e4ad952-a5e6-42cd-970a-aed3f6bcf373,3,30,6,4,0.6666666666666666,358.0,729.3333333333334,16,13,1,0.5333333333333333,0.43333333333333335,0.03333333333333333,risky
7e4b712f-f897-41c2-aeff-5cc404362490,2,10,2,1,0.5,269.0,269.0,6,4,0,0.6,0.4,0.0,unknown_low_controls
7e4fafa7-9418-42ab-8ca1-c76ded31afdf,13,130,13,10,0.7692307692307693,379.0,449.38461538461536,69,52,9,0.5307692307692308,0.4,0.06923076923076923,risky
7ea1e442-9a8f-4b29-8b6f-18688241e14b,3,30,6,4,0.6666666666666666,296.0,280.0,22,8,0,0.7333333333333333,0.26666666666666666,0.0,risky
7ea23e5c-9394-441e-9386-83b01c49617e,2,20,4,2,0.5,146.5,146.5,4,11,5,0.2,0.55,0.25,unknown_low_controls
7ea62e89-c346-4aed-892f-a2d9de9054a2,13,130,13,9,0.6923076923076923,397.0,502.3076923076923,82,46,2,0.6307692307692307,0.35384615384615387,0.015384615384615385,risky
7eb3cfe9-7ed0-4cc2-a200-b3f80b1195f6,12,120,12,9,0.75,371.5,408.4166666666667,60,54,6,0.5,0.45,0.05,risky
7eb5b1d5-a5eb-4cff-bc4c-95867d6e69b0,11,110,22,18,0.8181818181818182,423.0,442.1818181818182,29,73,8,0.2636363636363636,0.6636363636363637,0.07272727272727272,risky
7effd659-5348-4eb0-a4e0-5c5ee40e8552,15,75,15,11,0.7333333333333333,422.0,403.53333333333336,45,27,3,0.6,0.36,0.04,risky
7f125a26-c198-4c10-9e90-772639c7849e,3,30,6,3,0.5,156.0,194.33333333333334,17,8,5,0.5666666666666667,0.26666666666666666,0.16666666666666666,bad
7f223aac-4b82-4b87-a5b4-205f0b0e043b,6,60,12,8,0.6666666666666666,371.5,360.3333333333333,33,25,2,0.55,0.4166666666666667,0.03333333333333333,risky
7f5ce3c1-8c85-4a1e-ab15-e5ff54e62fc6,35,350,70,62,0.8857142857142857,342.0,503.34285714285716,201,125,24,0.5742857142857143,0.35714285714285715,0.06857142857142857,good
7f68bc96-b199-40b0-a014-7bd566d67dd0,5,50,5,2,0.4,244.0,313.2,25,22,3,0.5,0.44,0.06,bad
7f7d9b1a-2553-4414-9ca1-770c2ca1a732,3,30,6,1,0.16666666666666666,448.0,401.0,22,7,1,0.7333333333333333,0.23333333333333334,0.03333333333333333,bad
7f9bb19b-8513-42af-8b83-1b9e32372005,6,30,6,4,0.6666666666666666,225.0,248.16666666666666,12,16,2,0.4,0.5333333333333333,0.06666666666666667,risky
7f9fd386-06a5-48b5-94d4-f176bc224d90,41,210,41,33,0.8048780487804879,275.0,375.54761904761904,84,115,11,0.4,0.5476190476190477,0.05238095238095238,risky
7faf42f3-d51d-4207-aa2a-579929cd5ddb,6,60,12,9,0.75,343.0,355.8333333333333,18,41,1,0.3,0.6833333333333333,0.016666666666666666,risky
7fb152d1-de06-45a5-8dba-a8444c16b9d1,6,60,12,8,0.6666666666666666,184.5,185.66666666666666,28,30,2,0.4666666666666667,0.5,0.03333333333333333,risky
800e30b6-6409-4556-a87c-cf011059dc65,2,20,4,2,0.5,554.5,554.5,10,6,4,0.5,0.3,0.2,unknown_low_controls
80358b34-848a-4746-a6a6-ba04a72a0bf3,2,20,2,0,0.0,286.5,286.5,14,5,1,0.7,0.25,0.05,unknown_low_controls
8037d7ca-4511-4290-be42-48c9d407cdfb,21,210,23,19,0.8260869565217391,731.0,745.6666666666666,138,59,13,0.6571428571428571,0.28095238095238095,0.06190476190476191,risky
80432958-17b2-4eab-829f-5023e23142af,4,40,8,5,0.625,79.5,80.75,34,6,0,0.85,0.15,0.0,bad
805ef82e-ede4-46f7-b211-8269ed2b7154,3,30,4,1,0.25,549.0,556.3333333333334,22,8,0,0.7333333333333333,0.26666666666666666,0.0,unknown_low_controls
80a66537-15ef-411c-859b-d534a7ffaa06,1,10,1,0,0.0,283.0,283.0,3,6,1,0.3,0.6,0.1,unknown_low_controls
80ad326a-5fcb-4168-a941-b7ec709f5ec5,2,20,4,2,0.5,953.0,953.0,12,7,1,0.6,0.35,0.05,unknown_low_controls
80c05225-2eef-419b-b59a-84620c314b43,11,110,22,18,0.8181818181818182,305.0,346.1818181818182,56,35,19,0.509090909090909,0.3181818181818182,0.17272727272727273,risky
80dbff58-b4c5-478f-b003-3804ac162283,5,50,5,2,0.4,478.0,647.0,24,22,4,0.48,0.44,0.08,bad
80dea490-0cda-4114-9bf1-3388a07fa84a,15,150,30,24,0.8,283.0,284.06666666666666,82,64,4,0.5466666666666666,0.4266666666666667,0.02666666666666667,risky
80e2a0c8-ccdc-4287-bce1-d49d9a13dfcd,6,60,12,9,0.75,1194.5,1068.1666666666667,33,23,4,0.55,0.38333333333333336,0.06666666666666667,risky
80eea209-d861-468f-aad2-7b51196fb31c,5,50,7,3,0.42857142857142855,373.0,349.2,36,13,1,0.72,0.26,0.02,bad
8142548a-0acd-4943-be3e-dde6740e37c0,2,20,2,1,0.5,677.5,677.5,11,9,0,0.55,0.45,0.0,unknown_low_controls
814803fa-020d-4fcf-8c82-55c1bf4306ba,12,120,21,17,0.8095238095238095,280.0,405.75,61,54,5,0.5083333333333333,0.45,0.041666666666666664,risky
817d37e1-9ac9-4fe4-9624-71e24b4fbc8c,17,85,17,13,0.7647058823529411,109.0,112.0,49,29,7,0.5764705882352941,0.3411764705882353,0.08235294117647059,risky
817fb8c7-db1f-4e0d-adde-2eed57131d3a,4,40,8,5,0.625,322.0,320.25,19,20,1,0.475,0.5,0.025,bad
8180cf77-200a-4420-ba97-d4ebb6373227,3,30,6,2,0.3333333333333333,283.0,373.0,18,10,2,0.6,0.3333333333333333,0.06666666666666667,bad
81a7c2dc-6e79-4b57-ad1b-3972176870bd,2,20,4,2,0.5,827.5,827.5,10,9,1,0.5,0.45,0.05,unknown_low_controls
81d3f372-f452-4626-9d3d-b5814d030abd,10,100,15,11,0.7333333333333333,458.0,475.8,57,38,5,0.57,0.38,0.05,risky
824cf277-e183-4836-a9c0-48d36e5750cc,4,40,8,6,0.75,697.0,719.0,24,13,3,0.6,0.325,0.075,risky
82595f74-47ce-4325-8cdd-9ae5b01c0e2c,8,80,16,11,0.6875,297.0,327.75,39,39,2,0.4875,0.4875,0.025,risky
825bda81-a66e-4691-b54d-8cebbb449e80,5,50,10,7,0.7,485.0,492.6,34,15,1,0.68,0.3,0.02,risky
82bfdb26-ba43-4ba9-a536-9018378d73ee,3,30,6,4,0.6666666666666666,486.0,519.6666666666666,19,10,1,0.6333333333333333,0.3333333333333333,0.03333333333333333,risky
82d65f51-d88b-4797-a9a1-23812d916a9b,5,50,5,2,0.4,490.0,490.4,24,18,8,0.48,0.36,0.16,bad
82da0a86-695f-4268-913c-264eb65804de,4,20,4,3,0.75,218.5,207.5,9,11,0,0.45,0.55,0.0,unknown_low_controls
82e28b73-3bd0-4a36-9899-a92625c3d775,1,10,1,0,0.0,344.0,344.0,8,2,0,0.8,0.2,0.0,unknown_low_controls
8356a37a-48ee-4a62-ad1f-3939f92e593e,3,30,6,3,0.5,239.0,240.0,17,13,0,0.5666666666666667,0.43333333333333335,0.0,bad
8429c9ff-23bd-4739-8584-0a82f94c9f36,2,20,4,2,0.5,758.5,758.5,13,7,0,0.65,0.35,0.0,unknown_low_controls
84690aa8-3824-4ddf-9eee-99c97b209f29,6,60,12,8,0.6666666666666666,19.0,111.83333333333333,51,8,1,0.85,0.13333333333333333,0.016666666666666666,risky
846baebb-9a43-4cf3-8258-b8a592ea499d,3,30,3,1,0.3333333333333333,781.0,825.6666666666666,22,4,4,0.7333333333333333,0.13333333333333333,0.13333333333333333,unknown_low_controls
84748818-d6c0-448b-808f-80846b7eb90c,8,80,16,12,0.75,132.0,131.625,40,37,3,0.5,0.4625,0.0375,risky
8480c93d-7218-4f58-9ae4-740aa09cb25e,2,20,4,2,0.5,273.5,273.5,13,6,1,0.65,0.3,0.05,unknown_low_controls
84c1eba4-e578-47bc-8641-f659269cc970,2,20,4,2,0.5,645.5,645.5,15,5,0,0.75,0.25,0.0,unknown_low_controls
84c893d3-1b63-4db9-85db-9b71b244fec7,2,20,4,1,0.25,1416.5,1416.5,12,6,2,0.6,0.3,0.1,unknown_low_controls
84e718c4-c66e-4dcb-9f67-443d841a90a8,13,130,26,22,0.8461538461538461,261.0,369.46153846153845,69,55,6,0.5307692307692308,0.4230769230769231,0.046153846153846156,risky
850aff4e-d198-40b4-bf7b-e5a717a87b80,10,100,13,12,0.9230769230769231,320.0,321.8,55,37,8,0.55,0.37,0.08,good
852015ae-5a9f-4cf3-a859-155d51dd8300,4,40,8,5,0.625,294.0,298.75,19,18,3,0.475,0.45,0.075,bad
85371611-4b57-4285-9d23-909a502af350,32,160,32,28,0.875,132.5,215.40625,64,84,12,0.4,0.525,0.075,good
8538f078-ce06-4872-a3fd-44b35d260ab9,14,140,18,14,0.7777777777777778,565.0,573.6428571428571,77,55,8,0.55,0.39285714285714285,0.05714285714285714,risky
85610fed-e574-4142-861f-18853b81aa04,4,40,8,5,0.625,124.5,132.75,20,20,0,0.5,0.5,0.0,bad
857be176-631e-4386-b604-567289874bbc,13,130,13,9,0.6923076923076923,1101.0,1124.3076923076924,97,32,1,0.7461538461538462,0.24615384615384617,0.007692307692307693,risky
8580b23a-26dc-48d5-8960-c50bb84bf645,13,130,13,9,0.6923076923076923,303.0,327.3076923076923,71,55,4,0.5461538461538461,0.4230769230769231,0.03076923076923077,risky
85c851a7-3f43-49ca-b89b-af447bc95985,6,60,12,7,0.5833333333333334,641.5,646.1666666666666,39,19,2,0.65,0.31666666666666665,0.03333333333333333,bad
85d3b28d-6bb6-48ba-b306-885a535e2a9c,6,60,12,8,0.6666666666666666,350.0,510.6666666666667,42,18,0,0.7,0.3,0.0,risky
85f67168-f3cf-4d1d-8b90-6269de9c4b9f,7,70,7,4,0.5714285714285714,257.0,291.42857142857144,39,23,8,0.5571428571428572,0.32857142857142857,0.11428571428571428,bad
861b84d2-34cf-4521-9b68-d5a4bf1492b3,4,40,8,3,0.375,895.0,899.25,24,14,2,0.6,0.35,0.05,bad
861e3fcc-4e38-490e-99c1-1b2e0cb61d10,7,70,14,10,0.7142857142857143,335.0,345.2857142857143,38,26,6,0.5428571428571428,0.37142857142857144,0.08571428571428572,risky
8660bca6-9d1d-40e3-a9e8-ef2e7e2d3ca4,1,10,2,1,0.5,766.0,766.0,9,1,0,0.9,0.1,0.0,unknown_low_controls
86716ac6-056e-4f07-807f-b9c0065f25a6,6,60,12,9,0.75,572.0,634.1666666666666,45,13,2,0.75,0.21666666666666667,0.03333333333333333,risky
86834645-2f72-4b8f-b64c-b405edda924f,24,120,24,20,0.8333333333333334,135.5,162.20833333333334,61,55,4,0.5083333333333333,0.4583333333333333,0.03333333333333333,risky
869e2100-e2f8-42b1-bef5-ade9e0a3c853,6,60,12,8,0.6666666666666666,369.5,476.0,42,17,1,0.7,0.2833333333333333,0.016666666666666666,risky
86da5ecd-260f-4b83-ac4e-4f1d8f4af44f,1,10,1,0,0.0,480.0,480.0,3,6,1,0.3,0.6,0.1,unknown_low_controls
86e3a8dd-7507-473a-a50a-d3cddeaefaaf,13,130,26,21,0.8076923076923077,453.0,535.0,64,65,1,0.49230769230769234,0.5,0.007692307692307693,risky
87515700-dd3a-43dc-95e6-3ed78a9d8fd3,8,80,8,4,0.5,257.0,338.75,36,40,4,0.45,0.5,0.05,bad
878cff29-f762-4fab-9b1f-39fb2c447b93,5,50,10,5,0.5,292.0,319.0,23,22,5,0.46,0.44,0.1,bad
87a3ac5e-53db-402a-b1e2-75d99606ebaf,9,90,9,5,0.5555555555555556,505.0,520.4444444444445,51,33,6,0.5666666666666667,0.36666666666666664,0.06666666666666667,bad
87b11341-aa43-4d46-9891-cc2dfc92ee01,13,130,13,9,0.6923076923076923,225.0,228.53846153846155,74,51,5,0.5692307692307692,0.3923076923076923,0.038461538461538464,risky
87c09fc8-aa2b-47f0-8e24-9b3cbb1123a0,6,60,12,8,0.6666666666666666,472.0,462.3333333333333,30,27,3,0.5,0.45,0.05,risky
87d6d1fd-4c61-49cd-886c-1a46a692a1b8,10,100,13,12,0.9230769230769231,202.0,202.8,47,47,6,0.47,0.47,0.06,good
87de51fd-39af-4250-a179-5d97fa187e29,5,50,10,7,0.7,359.0,330.2,26,24,0,0.52,0.48,0.0,risky
87e67250-1464-474a-b72d-0a6726f7cc26,2,20,4,2,0.5,890.5,890.5,12,8,0,0.6,0.4,0.0,unknown_low_controls
87f28e88-d4f8-4694-929f-9f0ffba3d9ba,14,140,14,10,0.7142857142857143,211.5,221.71428571428572,64,67,9,0.45714285714285713,0.4785714285714286,0.06428571428571428,risky
880e2a41-65bc-4fee-9fcc-6c7f4e6b30e0,4,40,8,5,0.625,229.0,230.75,20,19,1,0.5,0.475,0.025,bad
880fcd9f-69cd-449d-8de4-ff4657c3c879,12,120,24,20,0.8333333333333334,277.5,308.0,61,59,0,0.5083333333333333,0.49166666666666664,0.0,risky
881bdf2f-31ad-46fa-b46c-3d1e3a7e5c7e,4,40,8,4,0.5,356.5,389.5,26,13,1,0.65,0.325,0.025,bad
881ccfd7-d5a3-45aa-a5f9-01c0a91125db,2,20,4,2,0.5,471.0,471.0,10,6,4,0.5,0.3,0.2,unknown_low_controls
882c0a84-20c1-4c8f-95b2-21349565f8c5,21,210,21,16,0.7619047619047619,334.0,342.8095238095238,107,93,10,0.5095238095238095,0.44285714285714284,0.047619047619047616,risky
88653571-f0d2-49c0-a15f-8cc2f3e95f27,1,10,2,1,0.5,360.0,360.0,7,3,0,0.7,0.3,0.0,unknown_low_controls
8882961a-0946-4e18-a344-38bbee1fc076,18,178,36,32,0.8888888888888888,919.0,1026.3932584269662,60,108,10,0.33707865168539325,0.6067415730337079,0.056179775280898875,good
88c0779f-0452-45d7-a9cb-4f051fd77a93,7,70,7,5,0.7142857142857143,331.0,332.42857142857144,43,21,6,0.6142857142857143,0.3,0.08571428571428572,risky
88d1a03f-25ac-4fea-a9d8-d663cf2e929b,15,150,15,11,0.7333333333333333,499.0,530.4,95,46,9,0.6333333333333333,0.30666666666666664,0.06,risky
88ea0099-7a51-4736-9fde-2e6f56d1066e,8,80,16,12,0.75,532.5,526.125,52,18,10,0.65,0.225,0.125,risky
89598ad1-534a-4fd2-bd3f-b1dcc3c0d29e,9,90,9,6,0.6666666666666666,285.0,325.0,48,34,8,0.5333333333333333,0.37777777777777777,0.08888888888888889,risky
898870ba-5116-4c82-9f56-a286867443bc,1,10,2,0,0.0,627.0,627.0,5,5,0,0.5,0.5,0.0,unknown_low_controls
898d2c55-9d22-40d4-bfe2-189309c09973,2,10,2,0,0.0,276.0,276.0,2,8,0,0.2,0.8,0.0,unknown_low_controls
89942d66-b29a-46b8-b572-4bfe005dc241,1,10,2,1,0.5,276.0,276.0,7,3,0,0.7,0.3,0.0,unknown_low_controls
899b081f-083e-47dd-99a2-8887957ebe3e,5,50,10,6,0.6,485.0,492.4,34,14,2,0.68,0.28,0.04,bad
89ff5c02-1640-44df-81e5-9cf024883352,1,10,2,2,1.0,258.0,258.0,6,4,0,0.6,0.4,0.0,unknown_low_controls
8a03f67d-bf8d-4225-8d2f-8913de130243,10,100,20,15,0.75,199.5,169.2,40,53,7,0.4,0.53,0.07,risky
8a478600-8f48-447f-9059-66abbf97deec,16,160,16,12,0.75,195.0,299.4375,110,47,3,0.6875,0.29375,0.01875,risky
8ac5a372-6c1d-4b53-ac59-37f66a853702,3,30,6,3,0.5,486.0,492.0,14,14,2,0.4666666666666667,0.4666666666666667,0.06666666666666667,bad
8af6a6d8-1b9a-4ce8-9469-8330e03e293f,4,20,4,2,0.5,100.5,99.25,8,10,2,0.4,0.5,0.1,unknown_low_controls
8b2de755-f162-4a5b-945c-fde1ee2755e1,4,40,4,1,0.25,319.0,325.0,27,10,3,0.675,0.25,0.075,unknown_low_controls
8b422de3-0af8-4255-a280-12f9492fb804,19,190,19,15,0.7894736842105263,408.0,462.1578947368421,99,89,2,0.5210526315789473,0.46842105263157896,0.010526315789473684,risky
8b44d0c1-62ca-4e41-8c44-019f40850658,7,70,12,9,0.75,246.0,255.0,43,18,9,0.6142857142857143,0.2571428571428571,0.12857142857142856,risky
8b48682f-eb80-40b0-b191-62a0672f355d,4,40,8,6,0.75,385.0,402.5,18,21,1,0.45,0.525,0.025,risky
8b523de0-6946-44d3-8127-a3492b93a2f4,8,80,16,12,0.75,487.5,500.875,49,30,1,0.6125,0.375,0.0125,risky
8b5893c2-b3a4-4094-a2e4-8ce59ebd4d38,3,30,3,2,0.6666666666666666,135.0,150.66666666666666,9,20,1,0.3,0.6666666666666666,0.03333333333333333,unknown_low_controls
8b72e8dc-a79e-49fd-aefa-2e9a60dd0636,7,70,14,10,0.7142857142857143,559.0,582.7142857142857,35,33,2,0.5,0.4714285714285714,0.02857142857142857,risky
8b89d989-2717-4be1-b8c8-0c891617560a,4,40,4,2,0.5,345.5,367.5,29,10,1,0.725,0.25,0.025,unknown_low_controls
8b9b4e12-2a0c-495f-b9dd-c9f0b09165cb,4,40,8,5,0.625,561.0,643.75,19,17,4,0.475,0.425,0.1,bad
8ba249ac-6a65-4e28-80c4-03ed7d8494a4,6,60,12,8,0.6666666666666666,842.0,887.5,29,26,5,0.48333333333333334,0.43333333333333335,0.08333333333333333,risky
8ba57836-5d93-4586-b108-5837dd1519a0,14,140,14,10,0.7142857142857143,491.5,550.6428571428571,87,52,1,0.6214285714285714,0.37142857142857144,0.007142857142857143,risky
8bc84f6e-6e65-4f50-9459-10a136087f81,3,15,3,1,0.3333333333333333,191.0,198.0,7,5,3,0.4666666666666667,0.3333333333333333,0.2,unknown_low_controls
8bd1b655-4d26-4700-ae55-5d07f7bde6d0,13,130,18,14,0.7777777777777778,425.0,436.53846153846155,52,73,5,0.4,0.5615384615384615,0.038461538461538464,risky
8be3affe-7bd8-402d-90d3-f6a601d2ba70,7,70,7,3,0.42857142857142855,436.0,499.42857142857144,40,27,3,0.5714285714285714,0.38571428571428573,0.04285714285714286,bad
8c0199f0-1d30-49f6-9942-9edcb0eb5c36,6,60,12,8,0.6666666666666666,587.5,542.1666666666666,27,29,4,0.45,0.48333333333333334,0.06666666666666667,risky
8c2704d8-e9b6-405c-a8e5-5870f8201aa7,58,580,58,49,0.8448275862068966,367.0,397.05172413793105,277,293,10,0.47758620689655173,0.5051724137931034,0.017241379310344827,risky
8c274b74-8aff-4ee8-b087-0127ceee911f,26,260,26,22,0.8461538461538461,243.5,252.46153846153845,111,127,22,0.4269230769230769,0.48846153846153845,0.08461538461538462,risky
8c360d1d-a480-4dec-af9d-5eddd1f69408,3,30,3,1,0.3333333333333333,674.0,807.0,19,11,0,0.6333333333333333,0.36666666666666664,0.0,unknown_low_controls
8c9166c2-8739-46f5-90c1-bd8a6ab9527d,8,80,16,12,0.75,100.5,108.75,26,54,0,0.325,0.675,0.0,risky
8c926296-9742-4d0d-9da1-13501bf99312,13,80,13,9,0.6923076923076923,176.5,216.125,31,49,0,0.3875,0.6125,0.0,risky
8cb2fc5b-fd69-4665-adf4-385e95e56948,6,60,12,7,0.5833333333333334,358.5,388.5,43,17,0,0.7166666666666667,0.2833333333333333,0.0,bad
8ccc6182-e846-4423-aec2-4772f3206a0d,3,25,5,3,0.6,384.0,392.8,14,10,1,0.56,0.4,0.04,bad
8cfc2556-85ee-41b0-b73d-d05b24ea71fe,4,20,4,2,0.5,214.5,229.75,12,7,1,0.6,0.35,0.05,unknown_low_controls
8d25125a-bd91-4e45-b30d-689af7ae40ee,2,20,4,2,0.5,286.5,286.5,10,8,2,0.5,0.4,0.1,unknown_low_controls
8d656595-86da-4d9d-93ce-fb0f1f24f7ee,15,150,30,24,0.8,220.0,243.26666666666668,57,84,9,0.38,0.56,0.06,risky
8d87732d-6700-42ec-8b9c-43e816cfed17,5,50,10,6,0.6,223.0,225.4,24,25,1,0.48,0.5,0.02,bad
8d892fab-8854-4cb4-967f-22f60b6c1ca0,6,60,12,8,0.6666666666666666,567.5,683.6666666666666,39,20,1,0.65,0.3333333333333333,0.016666666666666666,risky
8dd6d840-7545-4232-9614-3feb95d69970,12,120,12,8,0.6666666666666666,1157.0,1136.9166666666667,65,55,0,0.5416666666666666,0.4583333333333333,0.0,risky
8e27c075-5851-4a2b-9899-8f9b732dd074,7,70,11,8,0.7272727272727273,241.0,227.85714285714286,39,26,5,0.5571428571428572,0.37142857142857144,0.07142857142857142,risky
8e2dd66c-1fd5-459c-a434-9d57acd6cad4,28,280,28,22,0.7857142857142857,362.5,415.25,142,114,24,0.5071428571428571,0.40714285714285714,0.08571428571428572,risky
8e4bb5b2-a86c-46a6-ad13-7b467d4807cd,3,30,6,4,0.6666666666666666,134.0,137.0,26,4,0,0.8666666666666667,0.13333333333333333,0.0,risky
8e6898f5-6ebe-4f55-afab-57ab188f5280,2,20,2,2,1.0,651.5,651.5,11,9,0,0.55,0.45,0.0,unknown_low_controls
8e92a8b8-dc94-4ab5-80d1-5e75ed05b45e,6,60,12,9,0.75,295.5,333.5,41,17,2,0.6833333333333333,0.2833333333333333,0.03333333333333333,risky
8eb96cf8-ffe1-4d47-8ccd-b14990ff9bc9,13,130,13,9,0.6923076923076923,166.0,177.53846153846155,78,51,1,0.6,0.3923076923076923,0.007692307692307693,risky
8ef77ce6-5cb4-4f5f-bb70-8041ef36860b,5,50,6,3,0.5,21.0,39.6,32,18,0,0.64,0.36,0.0,bad
8f52b9ab-1c66-405c-bcf8-1c528d0926c5,9,90,18,14,0.7777777777777778,472.0,528.4444444444445,59,27,4,0.6555555555555556,0.3,0.044444444444444446,risky
8f836c2e-4fd0-4c36-8ac1-0db2700d2780,15,150,15,11,0.7333333333333333,549.0,609.8,82,50,18,0.5466666666666666,0.3333333333333333,0.12,risky
8f9a0131-f683-4d19-99fd-189e53ec2820,6,53,12,8,0.6666666666666666,143.0,403.20754716981133,26,27,0,0.49056603773584906,0.5094339622641509,0.0,risky
8fae7e98-e1d7-4bf4-a46e-41b2035c4583,23,230,23,18,0.782608695652174,382.0,483.2173913043478,111,107,12,0.4826086956521739,0.4652173913043478,0.05217391304347826,risky
9045cec5-80c4-421d-b786-66e2fde7f3ef,3,30,3,1,0.3333333333333333,474.0,691.0,8,19,3,0.26666666666666666,0.6333333333333333,0.1,unknown_low_controls
9054246a-bb3d-47d7-bff6-9c237b81c45b,13,130,13,11,0.8461538461538461,171.0,183.46153846153845,55,71,4,0.4230769230769231,0.5461538461538461,0.03076923076923077,risky
909ebe17-bc13-4bee-9b6f-9793e735f56b,5,50,6,4,0.6666666666666666,339.0,339.2,23,24,3,0.46,0.48,0.06,risky
90aaac39-60df-4e80-ab3a-c8cf3487dddb,1,10,2,0,0.0,347.0,347.0,6,4,0,0.6,0.4,0.0,unknown_low_controls
90b2f09f-4852-4e3e-a4bf-89f435ce314b,4,40,8,4,0.5,138.5,128.75,27,11,2,0.675,0.275,0.05,bad
90b68d8b-7278-465f-93e8-53cd46ca2995,1,10,2,1,0.5,264.0,264.0,6,4,0,0.6,0.4,0.0,unknown_low_controls
90c265ba-123c-43df-b56b-d507cde50ff4,17,163,20,16,0.8,417.0,654.1595092024539,101,48,14,0.6196319018404908,0.294478527607362,0.08588957055214724,risky
90d21616-d0be-4c48-bcc3-7adc8251f88f,2,20,2,1,0.5,402.0,402.0,9,10,1,0.45,0.5,0.05,unknown_low_controls
91291754-8a7f-43dd-b89c-b06e700ef6ca,17,85,17,14,0.8235294117647058,248.0,264.6470588235294,44,40,1,0.5176470588235295,0.47058823529411764,0.011764705882352941,risky
91744ffb-dba7-4752-b784-f4f32986ecf8,5,50,10,7,0.7,425.0,442.2,30,20,0,0.6,0.4,0.0,risky
91afe65f-4b9b-4ffb-aa28-2785b7f128e7,4,30,6,4,0.6666666666666666,319.0,433.0,15,9,6,0.5,0.3,0.2,risky
91c8fa63-ed85-4d10-9166-ff121bd5b797,13,130,26,20,0.7692307692307693,387.0,373.53846153846155,82,43,5,0.6307692307692307,0.33076923076923076,0.038461538461538464,risky
91cdd6f1-7c92-4113-bf08-2020f6cf8c05,3,30,3,1,0.3333333333333333,260.0,256.6666666666667,19,9,2,0.6333333333333333,0.3,0.06666666666666667,unknown_low_controls
9209f471-48d0-4f5c-9066-19235b5aa718,16,160,16,12,0.75,236.0,278.9375,94,56,10,0.5875,0.35,0.0625,risky
923ef7e6-b4d2-4c2d-850b-a1a6796b9c82,23,230,23,18,0.782608695652174,412.0,435.2173913043478,139,67,24,0.6043478260869565,0.29130434782608694,0.10434782608695652,risky
924e6362-e71c-4b04-a335-9ebe61e0a21b,1,10,1,0,0.0,321.0,321.0,4,6,0,0.4,0.6,0.0,unknown_low_controls
924e73c9-5bc0-4743-b1c6-c5b69a0b2dd7,9,90,18,14,0.7777777777777778,353.0,362.44444444444446,37,50,3,0.4111111111111111,0.5555555555555556,0.03333333333333333,risky
9264f674-42f4-4a74-a818-a1ac4e3ff2b9,3,30,6,3,0.5,215.0,220.0,18,7,5,0.6,0.23333333333333334,0.16666666666666666,bad
92810233-683e-4f7c-a6ff-7448d8e4920e,8,80,8,5,0.625,638.0,655.625,52,23,5,0.65,0.2875,0.0625,bad
92863481-400a-4a5e-931e-ccaab2c9ccef,3,30,3,1,0.3333333333333333,901.0,883.3333333333334,22,5,3,0.7333333333333333,0.16666666666666666,0.1,unknown_low_controls
92bb48bf-de02-414b-87ef-389b6e413a4f,8,80,16,12,0.75,252.0,239.375,32,42,6,0.4,0.525,0.075,risky
92e7614c-fad0-47f5-8fb8-e41235cdb960,10,100,17,13,0.7647058823529411,515.5,534.3,58,36,6,0.58,0.36,0.06,risky
92f101d3-5af1-479e-bf52-11661a0a1d02,8,80,16,12,0.75,303.0,340.25,59,18,3,0.7375,0.225,0.0375,risky
92f823c0-3e97-4e11-bf92-db82b06cb3a3,8,80,16,12,0.75,568.0,617.625,53,27,0,0.6625,0.3375,0.0,risky
930fc1f9-8819-4cd9-9ba5-d27f470c9250,14,140,14,11,0.7857142857142857,170.5,204.78571428571428,68,63,9,0.4857142857142857,0.45,0.06428571428571428,risky
932cf19a-ad69-48b3-bf42-3b3ff4dd60aa,12,120,12,8,0.6666666666666666,542.0,620.1666666666666,85,32,3,0.7083333333333334,0.26666666666666666,0.025,risky
9335ad94-bd09-4d71-bcd7-56e66d6427fe,3,30,4,3,0.75,338.0,478.0,11,17,2,0.36666666666666664,0.5666666666666667,0.06666666666666667,unknown_low_controls
933ed129-ce07-47cd-8091-36a1f32c3f15,13,123,15,11,0.7333333333333333,205.0,405.6178861788618,73,33,17,0.5934959349593496,0.2682926829268293,0.13821138211382114,risky
93432b16-7a3a-446c-a82f-4f1142608bde,1,10,2,0,0.0,102.0,102.0,7,2,1,0.7,0.2,0.1,unknown_low_controls
93782910-accb-4770-bf29-bee03409fa93,4,40,4,3,0.75,149.5,153.25,29,9,2,0.725,0.225,0.05,unknown_low_controls
937f2184-1def-4cb5-9737-7c58f214d3f6,4,40,8,5,0.625,134.0,126.25,19,17,4,0.475,0.425,0.1,bad
9384d11e-558a-4fdc-ab0c-267d87dd3c0f,3,30,5,2,0.4,449.0,476.0,24,5,1,0.8,0.16666666666666666,0.03333333333333333,bad
938ed28a-2afc-432d-a2cd-d97d63bd0bbf,6,60,12,9,0.75,352.5,383.0,43,16,1,0.7166666666666667,0.26666666666666666,0.016666666666666666,risky
939aec06-d879-4b80-8fa4-debb6ce183cb,2,20,2,0,0.0,529.5,529.5,10,8,2,0.5,0.4,0.1,unknown_low_controls
93d6f53a-1211-4106-915b-bbd21f0bf56a,3,30,6,2,0.3333333333333333,178.0,172.33333333333334,21,5,4,0.7,0.16666666666666666,0.13333333333333333,bad
93e9e53a-5f4b-4278-85c8-c0289ab7decf,4,40,8,4,0.5,586.0,570.0,21,13,6,0.525,0.325,0.15,bad
9437b5df-3a18-4d6e-9b48-c778535358b7,8,80,16,12,0.75,364.5,365.75,49,30,1,0.6125,0.375,0.0125,risky
9466bcf7-a2d2-46b7-909e-e87380aed1f4,10,100,10,7,0.7,390.5,396.0,64,30,6,0.64,0.3,0.06,risky
947dde53-37c1-4b47-b1e0-e3874cd2964b,13,130,13,9,0.6923076923076923,332.0,295.3076923076923,88,35,7,0.676923076923077,0.2692307692307692,0.05384615384615385,risky
94b7a260-ebc3-4c57-b0a0-3cc8dfcd6a8a,6,60,12,7,0.5833333333333334,769.0,877.1666666666666,42,17,1,0.7,0.2833333333333333,0.016666666666666666,bad
94c27538-d1f6-408e-9341-baff073944fd,9,85,9,5,0.5555555555555556,648.0,640.4117647058823,56,26,3,0.6588235294117647,0.3058823529411765,0.03529411764705882,bad
94fe797b-6e7f-443d-a6dc-73e28e267b9e,18,180,21,17,0.8095238095238095,416.5,429.27777777777777,108,68,4,0.6,0.37777777777777777,0.022222222222222223,risky
95277fa0-094a-4d60-9f68-a9e03a1f28a0,4,40,4,3,0.75,241.5,246.25,25,14,1,0.625,0.35,0.025,unknown_low_controls
9563d95a-3936-4ba8-ad82-d8ee37254179,1,10,2,0,0.0,219.0,219.0,3,7,0,0.3,0.7,0.0,unknown_low_controls
959b1f55-b74c-455d-a470-214363b22fee,1,10,2,0,0.0,762.0,762.0,7,3,0,0.7,0.3,0.0,unknown_low_controls
95a0fdc1-221b-484e-a34f-d8653349a224,4,36,4,3,0.75,473.0,474.05555555555554,23,12,1,0.6388888888888888,0.3333333333333333,0.027777777777777776,unknown_low_controls
95c0811c-b980-4b8d-a24a-95fe9bc05354,15,150,15,11,0.7333333333333333,679.0,688.4666666666667,92,46,12,0.6133333333333333,0.30666666666666664,0.08,risky
95ca6849-2557-41b5-9c38-439e57b10dcf,5,50,10,7,0.7,375.0,404.4,29,21,0,0.58,0.42,0.0,risky
95e875ce-831b-4c99-bb66-d8ca1dee60a5,1,10,2,1,0.5,411.0,411.0,8,2,0,0.8,0.2,0.0,unknown_low_controls
95fc287c-2df6-4506-84c2-6115ab5b55b5,11,110,11,7,0.6363636363636364,469.0,501.8181818181818,70,38,2,0.6363636363636364,0.34545454545454546,0.01818181818181818,bad
961367c5-d540-4799-8e23-65e29f7731cc,2,20,4,3,0.75,251.5,251.5,5,11,4,0.25,0.55,0.2,unknown_low_controls
961aaf6b-689b-48ba-b127-93e405d5fdd3,6,60,12,9,0.75,246.5,237.0,36,22,2,0.6,0.36666666666666664,0.03333333333333333,risky
961c5c27-f42f-4e0c-b131-867d5e7e0688,5,50,10,6,0.6,467.0,486.0,29,21,0,0.58,0.42,0.0,bad
962651a8-a855-4519-ba6d-ce73285c536a,4,40,4,2,0.5,579.5,570.0,19,17,4,0.475,0.425,0.1,unknown_low_controls
962d470f-36b0-4b05-a84c-d815954c8a93,18,180,28,23,0.8214285714285714,638.5,745.7222222222222,116,47,17,0.6444444444444445,0.2611111111111111,0.09444444444444444,risky
967d685a-6752-43c0-8b16-76ba5d309293,14,140,14,10,0.7142857142857143,472.0,608.7142857142857,52,72,16,0.37142857142857144,0.5142857142857142,0.11428571428571428,risky
9687195e-44b4-45c9-8de6-3ef7160e001c,10,100,20,16,0.8,701.5,770.9,47,50,3,0.47,0.5,0.03,risky
970516e3-37ea-4cc6-8443-243ebe7160b0,11,110,22,18,0.8181818181818182,1088.0,983.1818181818181,72,30,8,0.6545454545454545,0.2727272727272727,0.07272727272727272,risky
971774d7-8a8a-4d06-a297-9ec5a6e652a6,10,100,10,8,0.8,269.0,283.1,55,42,3,0.55,0.42,0.03,risky
9721d85b-dd49-49af-9d2e-78d1dbf78df1,33,330,36,31,0.8611111111111112,225.0,322.09090909090907,166,147,17,0.503030303030303,0.44545454545454544,0.051515151515151514,good
9737f7f9-59f4-4873-a491-e528eadb4889,8,80,16,12,0.75,435.0,384.875,50,27,3,0.625,0.3375,0.0375,risky
979889f7-244b-45c7-9a47-f5ba786f532b,11,110,13,10,0.7692307692307693,326.0,442.0,59,50,1,0.5363636363636364,0.45454545454545453,0.00909090909090909,risky
979ce167-3e72-429a-9757-5d6bb691c399,3,30,6,3,0.5,272.0,324.0,17,9,4,0.5666666666666667,0.3,0.13333333333333333,bad
97b4ef67-828a-4aec-a73c-359f2cc9fcf9,5,50,6,3,0.5,649.0,675.4,31,16,3,0.62,0.32,0.06,bad
97c2bcfe-11d6-4488-894c-613ad14fa9a8,5,50,6,3,0.5,228.0,409.8,33,14,3,0.66,0.28,0.06,bad
97c7b07b-2d8b-4c98-b056-69ed3c400e78,6,60,12,9,0.75,159.5,190.16666666666666,39,18,3,0.65,0.3,0.05,risky
97cba96c-5b5c-4a3b-afbf-52613b990b64,5,50,10,7,0.7,320.0,294.8,24,24,2,0.48,0.48,0.04,risky
98066412-15f1-41b6-9f4b-e6676d01d143,17,170,34,27,0.7941176470588235,948.0,1047.6470588235295,72,86,12,0.4235294117647059,0.5058823529411764,0.07058823529411765,risky
980f9cf5-52c2-4959-afef-f3e841d839de,7,70,7,4,0.5714285714285714,446.0,670.0,43,23,4,0.6142857142857143,0.32857142857142857,0.05714285714285714,bad
98257e19-6e3b-447c-bd9d-7bf8bf432732,5,50,10,6,0.6,132.0,144.2,31,19,0,0.62,0.38,0.0,bad
9829ff73-5b16-47e9-b4a8-c6d883de025d,2,20,4,2,0.5,461.0,461.0,10,9,1,0.5,0.45,0.05,unknown_low_controls
982f4e3e-dfce-482f-ac6d-507de9933722,4,40,8,4,0.5,298.0,343.25,18,22,0,0.45,0.55,0.0,bad
98442b88-0bd1-49bd-9d97-1f2e9bda03df,10,100,20,16,0.8,364.5,399.4,50,48,2,0.5,0.48,0.02,risky
98ba7a4e-cc26-4b18-85e9-d8c674fb1774,27,270,27,20,0.7407407407407407,290.0,306.037037037037,158,101,11,0.5851851851851851,0.37407407407407406,0.040740740740740744,risky
98d9c6dc-28c0-422d-b182-f397991cba9c,6,60,12,8,0.6666666666666666,279.5,318.5,36,22,2,0.6,0.36666666666666664,0.03333333333333333,risky
9924cb2e-a16a-4468-9005-826818a36c86,21,210,21,17,0.8095238095238095,233.0,299.04761904761904,87,108,15,0.4142857142857143,0.5142857142857142,0.07142857142857142,risky
993728e0-f8c3-4c41-b8dd-48a241369c59,12,120,19,14,0.7368421052631579,290.0,301.4166666666667,65,52,3,0.5416666666666666,0.43333333333333335,0.025,risky
99616097-7bf0-4c12-abe3-0ee8205a144e,6,30,6,2,0.3333333333333333,295.0,375.0,15,13,2,0.5,0.43333333333333335,0.06666666666666667,bad
99624475-ad5d-466c-8498-44c00abdc8d9,3,30,6,3,0.5,413.0,403.3333333333333,16,14,0,0.5333333333333333,0.4666666666666667,0.0,bad
99791a85-f66b-4dd9-82ed-e9884f815bc5,7,70,7,4,0.5714285714285714,212.0,232.28571428571428,38,30,2,0.5428571428571428,0.42857142857142855,0.02857142857142857,bad
9990779c-d103-4235-b9b3-b30aa1853ef1,6,60,12,9,0.75,315.5,468.1666666666667,34,23,3,0.5666666666666667,0.38333333333333336,0.05,risky
99a3a3b1-f3d5-44ea-bb5c-7795e347b080,3,30,6,2,0.3333333333333333,35.0,35.333333333333336,21,9,0,0.7,0.3,0.0,bad
99c1168f-9752-43dd-b5aa-6ef99f9685e1,5,50,10,8,0.8,576.0,571.6,26,24,0,0.52,0.48,0.0,risky
99cb2e6e-82ce-46f8-8cf4-dd0a1800b412,8,80,16,12,0.75,356.5,358.875,49,22,9,0.6125,0.275,0.1125,risky
99d3bb39-5f0f-4ef8-bc0d-6dd0b3df93af,6,60,12,8,0.6666666666666666,208.0,218.16666666666666,42,16,2,0.7,0.26666666666666666,0.03333333333333333,risky
99edd88e-3f62-4b44-9134-380b4158bb1a,3,30,6,3,0.5,330.0,338.6666666666667,20,10,0,0.6666666666666666,0.3333333333333333,0.0,bad
9a36873c-ead9-4b04-b3c5-2b3e8096b3e1,2,20,4,1,0.25,728.5,728.5,9,11,0,0.45,0.55,0.0,unknown_low_controls
9a4d4b62-7be5-49cb-bcaa-9bd047df66b4,7,70,14,10,0.7142857142857143,423.0,399.42857142857144,44,21,5,0.6285714285714286,0.3,0.07142857142857142,risky
9a7ff9f6-2abe-4fe4-a42a-2f16c1e80a11,5,50,10,7,0.7,161.0,184.0,29,21,0,0.58,0.42,0.0,risky
9aaaf2a6-8934-447d-8179-d447168bacc5,6,60,6,4,0.6666666666666666,426.0,489.1666666666667,29,30,1,0.48333333333333334,0.5,0.016666666666666666,risky
9abadd05-c5bb-43c1-a9fc-5c611c509f7c,17,170,34,27,0.7941176470588235,1306.0,1212.0,89,65,16,0.5235294117647059,0.38235294117647056,0.09411764705882353,risky
9ad29567-c9c5-44d8-8435-34e50478edb6,5,25,5,4,0.8,142.0,143.8,15,10,0,0.6,0.4,0.0,risky
9ae7d8ed-7107-4810-8ced-78f06d60fe08,12,120,24,19,0.7916666666666666,899.0,925.0833333333334,57,56,7,0.475,0.4666666666666667,0.058333333333333334,risky
9aedfa5e-1d9b-419b-9951-4afa87c4ce9d,24,239,40,34,0.85,483.0,542.5523012552301,125,103,11,0.5230125523012552,0.4309623430962343,0.04602510460251046,good
9b0278b7-0921-44fb-bf89-7da409eeb0ea,42,414,46,38,0.8260869565217391,561.0,582.7053140096618,212,185,17,0.5120772946859904,0.4468599033816425,0.04106280193236715,risky
9b1c16bc-130e-45dc-a623-b98cde0ffd5a,23,230,46,37,0.8043478260869565,197.0,217.0,113,80,37,0.49130434782608695,0.34782608695652173,0.1608695652173913,risky
9b247e24-c828-40c0-9161-7f56395c49b0,7,70,14,9,0.6428571428571429,280.0,272.2857142857143,44,26,0,0.6285714285714286,0.37142857142857144,0.0,bad
9b698224-0ef5-4d17-9686-4308166a56bf,5,50,10,6,0.6,333.0,370.4,38,11,1,0.76,0.22,0.02,bad
9bbba27f-8359-4e46-a097-e1224b14aad3,5,50,9,9,1.0,298.0,309.0,28,21,1,0.56,0.42,0.02,good
9c42caf5-7635-4442-a2bc-f65e88bbf66d,7,70,14,10,0.7142857142857143,425.0,514.1428571428571,41,26,3,0.5857142857142857,0.37142857142857144,0.04285714285714286,risky
9c89c4d8-ab6c-4d5b-8c88-fc458eacb805,3,15,3,2,0.6666666666666666,316.0,346.6666666666667,9,6,0,0.6,0.4,0.0,unknown_low_controls
9cbd878e-09a3-48de-9505-fff01f8d1d5d,12,120,12,8,0.6666666666666666,543.5,698.5833333333334,61,55,4,0.5083333333333333,0.4583333333333333,0.03333333333333333,risky
9cfc27b1-2730-4a1e-9aab-58e31fc040a3,9,90,18,14,0.7777777777777778,294.0,324.77777777777777,37,46,7,0.4111111111111111,0.5111111111111111,0.07777777777777778,risky
9d03ec18-2a40-425f-8788-a55cdddcfdb9,1,10,2,1,0.5,406.0,406.0,7,3,0,0.7,0.3,0.0,unknown_low_controls
9d3ee87d-f721-4516-bd0c-b38a60cad395,7,70,14,9,0.6428571428571429,389.0,446.7142857142857,43,26,1,0.6142857142857143,0.37142857142857144,0.014285714285714285,bad
9d7c4569-b9d5-45c1-add0-d4a7f2ca10fd,2,20,2,1,0.5,368.5,368.5,11,9,0,0.55,0.45,0.0,unknown_low_controls
9dc6f633-41c9-41b6-85d2-b55b72750f82,4,40,4,2,0.5,306.5,342.5,15,25,0,0.375,0.625,0.0,unknown_low_controls
9dd707ae-d070-402e-926b-7a7758d9fd1d,10,100,10,6,0.6,414.5,435.5,60,35,5,0.6,0.35,0.05,bad
9dd9dcbc-2092-475e-ac2b-49f034b5b165,2,20,2,0,0.0,320.0,320.0,13,6,1,0.65,0.3,0.05,unknown_low_controls
9de66b2f-e8a4-49df-920d-f005e7c18cff,16,160,16,12,0.75,375.0,400.375,84,68,8,0.525,0.425,0.05,risky
9e08dc82-cbb4-4033-bffb-16bdd6c4a0d1,6,60,12,8,0.6666666666666666,316.5,324.0,35,18,7,0.5833333333333334,0.3,0.11666666666666667,risky
9e170f56-2749-4676-84ac-057e9c53fd4c,12,120,12,10,0.8333333333333334,1315.5,1247.1666666666667,68,49,3,0.5666666666666667,0.4083333333333333,0.025,risky
9e1ed2e1-1b18-46fe-8a74-1d11ed06ddde,23,230,23,18,0.782608695652174,287.0,319.04347826086956,122,90,18,0.5304347826086957,0.391304347826087,0.0782608695652174,risky
9e3b3896-7fe7-4969-9491-1fa87294f189,4,40,4,3,0.75,415.0,431.25,15,23,2,0.375,0.575,0.05,unknown_low_controls
9e6898ed-1bc2-46ef-bae8-4fd4e6d50074,10,100,11,9,0.8181818181818182,220.0,236.7,52,47,1,0.52,0.47,0.01,risky
9e7cc16b-c9d8-4c56-a176-1da188ce1654,14,140,28,22,0.7857142857142857,272.5,268.5,63,64,13,0.45,0.45714285714285713,0.09285714285714286,risky
9e834f3b-bf2b-4536-b655-3c1f65bebbd4,5,50,5,2,0.4,194.0,228.6,25,23,2,0.5,0.46,0.04,bad
9e8a2edc-e531-414f-ba34-579cff2cf373,9,90,18,14,0.7777777777777778,433.0,418.1111111111111,42,39,9,0.4666666666666667,0.43333333333333335,0.1,risky
9ea708bf-8a76-4005-b142-2ac7bd81d327,3,30,6,2,0.3333333333333333,585.0,581.3333333333334,18,9,3,0.6,0.3,0.1,bad
9ebe1eac-033d-494c-870f-94a9d666134b,2,20,4,0,0.0,166.0,166.0,1,0,19,0.05,0.0,0.95,unknown_low_controls
9ed6e3dc-32be-49d9-ab47-f049d24bea23,1,10,2,0,0.0,582.0,582.0,10,0,0,1.0,0.0,0.0,unknown_low_controls
9ee7813a-8f64-4df7-be6b-cb74a97d5208,3,30,6,3,0.5,167.0,174.0,22,7,1,0.7333333333333333,0.23333333333333334,0.03333333333333333,bad
9f0ff2a2-b589-42de-b748-e45608056a0e,4,40,4,2,0.5,275.5,441.25,20,18,2,0.5,0.45,0.05,unknown_low_controls
9f154abe-e0ff-4083-9376-fabf47978ff1,9,90,18,14,0.7777777777777778,269.0,272.55555555555554,55,32,3,0.6111111111111112,0.35555555555555557,0.03333333333333333,risky
9f3234a6-3da7-4888-af17-a1355f38ec8b,1,10,1,0,0.0,299.0,299.0,3,6,1,0.3,0.6,0.1,unknown_low_controls
9f538179-37a4-4928-8007-a14988954063,7,70,7,5,0.7142857142857143,200.0,208.57142857142858,32,35,3,0.45714285714285713,0.5,0.04285714285714286,risky
9fd0f5a3-c412-4a51-8424-21e50b873f9e,2,20,4,1,0.25,381.0,381.0,12,7,1,0.6,0.35,0.05,unknown_low_controls
9fde3cdc-060b-4b3d-8979-6c7bac4569b3,12,120,12,8,0.6666666666666666,841.5,848.75,63,52,5,0.525,0.43333333333333335,0.041666666666666664,risky
9ff1091d-33df-46ee-8244-f16803e0ac38,2,20,4,3,0.75,188.0,188.0,8,11,1,0.4,0.55,0.05,unknown_low_controls
9ff50b5a-e4fa-4dc2-a556-e72a41802997,1,10,2,1,0.5,495.0,495.0,9,1,0,0.9,0.1,0.0,unknown_low_controls
a01166ad-9ceb-4774-997f-542202319ac1,6,60,12,8,0.6666666666666666,630.0,681.0,30,27,3,0.5,0.45,0.05,risky
a03401b2-b276-44d4-9e50-334ac71e4756,14,135,15,11,0.7333333333333333,187.0,209.22222222222223,69,62,4,0.5111111111111111,0.45925925925925926,0.02962962962962963,risky
a039a308-94d4-473c-9323-b1f49dccc062,11,55,11,8,0.7272727272727273,523.0,501.90909090909093,29,22,4,0.5272727272727272,0.4,0.07272727272727272,risky
a055576a-3056-440b-9e8b-456cb6166b71,16,160,16,12,0.75,201.0,198.4375,68,78,14,0.425,0.4875,0.0875,risky
a08b9849-9fe5-45cb-ab06-3471b0fd3dfd,12,120,24,19,0.7916666666666666,508.0,524.0,56,58,6,0.4666666666666667,0.48333333333333334,0.05,risky
a09e92cf-d4a6-4ea5-bc8c-b807fca29fbb,4,40,8,4,0.5,575.5,591.5,27,11,2,0.675,0.275,0.05,bad
a0b64497-9333-4e9e-97c7-3a65215c3167,18,180,18,14,0.7777777777777778,238.5,240.44444444444446,75,94,11,0.4166666666666667,0.5222222222222223,0.06111111111111111,risky
a0f4d37a-4873-4d05-a024-992d5a7e13b7,3,30,3,1,0.3333333333333333,538.0,499.0,11,16,3,0.36666666666666664,0.5333333333333333,0.1,unknown_low_controls
a0fef29e-08d5-4a42-b1d6-771b015f0728,9,90,13,9,0.6923076923076923,305.0,323.22222222222223,56,30,4,0.6222222222222222,0.3333333333333333,0.044444444444444446,risky
a116b376-5d08-47b9-8983-09b58a1377dd,5,50,10,6,0.6,434.0,537.8,26,23,1,0.52,0.46,0.02,bad
a13e7312-4c02-4c49-a167-0d174c426132,13,130,13,9,0.6923076923076923,267.0,291.2307692307692,46,74,10,0.35384615384615387,0.5692307692307692,0.07692307692307693,risky
a1449a32-ec0d-4f59-ab2d-385da8b23c6c,17,163,18,13,0.7222222222222222,447.0,515.0122699386503,84,77,2,0.5153374233128835,0.4723926380368098,0.012269938650306749,risky
a18473fb-4af8-4693-bc6d-3879c1f8668c,10,100,10,7,0.7,541.5,574.7,47,49,4,0.47,0.49,0.04,risky
a1d19bc3-cd2e-4733-b7c2-eb317e724e2c,39,390,39,32,0.8205128205128205,418.0,441.8205128205128,171,193,26,0.43846153846153846,0.4948717948717949,0.06666666666666667,risky
a1d69fa7-4712-4c63-b815-823f6e3e8a05,9,90,15,11,0.7333333333333333,407.0,461.3333333333333,54,31,5,0.6,0.34444444444444444,0.05555555555555555,risky
a1dd4617-9cee-4e70-94eb-7c71447bea23,2,20,4,2,0.5,381.5,381.5,10,8,2,0.5,0.4,0.1,unknown_low_controls
a1e68ecd-abf5-49c0-be14-b01028737477,3,30,4,3,0.75,724.0,672.6666666666666,17,10,3,0.5666666666666667,0.3333333333333333,0.1,unknown_low_controls
a1fbe044-02d9-4379-895b-066b119ab39d,2,20,4,2,0.5,70.5,70.5,19,1,0,0.95,0.05,0.0,unknown_low_controls
a208bf4d-4347-463d-989f-fefc6c66e365,6,60,12,8,0.6666666666666666,540.5,549.0,37,21,2,0.6166666666666667,0.35,0.03333333333333333,risky
a20be50f-cfe0-421e-a351-8f6839245b15,27,270,30,23,0.7666666666666667,450.0,504.3703703703704,157,92,21,0.5814814814814815,0.34074074074074073,0.07777777777777778,risky
a21a5cf0-214b-4465-99b5-8ad4f5d1b68a,7,70,14,10,0.7142857142857143,387.0,516.0,40,26,4,0.5714285714285714,0.37142857142857144,0.05714285714285714,risky
a2437a43-dd90-4880-a09d-c2528272cf5a,3,30,6,3,0.5,464.0,542.6666666666666,17,13,0,0.5666666666666667,0.43333333333333335,0.0,bad
a2779685-f7a8-45d3-8af3-ff5fee41be72,1,10,1,0,0.0,298.0,298.0,7,1,2,0.7,0.1,0.2,unknown_low_controls
a2d5f083-7386-42d7-b77d-d7052ec15c99,5,50,5,3,0.6,571.0,533.2,21,25,4,0.42,0.5,0.08,bad
a2e027bc-cab7-4069-9a7e-1062e432020a,1,10,1,0,0.0,389.0,389.0,4,6,0,0.4,0.6,0.0,unknown_low_controls
a311f0f4-e20d-4ebb-80f6-bb228f41ab4e,9,90,9,5,0.5555555555555556,714.0,682.4444444444445,59,30,1,0.6555555555555556,0.3333333333333333,0.011111111111111112,bad
a319d097-da16-457e-95d3-b735c8c037d8,3,30,6,5,0.8333333333333334,503.0,550.0,16,11,3,0.5333333333333333,0.36666666666666664,0.1,risky
a32fcf43-133c-4ef2-85d0-69e7690535ae,7,70,7,4,0.5714285714285714,13.0,31.857142857142858,36,34,0,0.5142857142857142,0.4857142857142857,0.0,bad
a338f755-238f-4294-8225-6fb2dd5c7850,1,10,2,0,0.0,447.0,447.0,8,2,0,0.8,0.2,0.0,unknown_low_controls
a355b5fd-e2d5-4210-ae31-3d3b15a9f496,9,89,14,10,0.7142857142857143,319.0,341.23595505617976,37,47,5,0.4157303370786517,0.5280898876404494,0.056179775280898875,risky
a3593dd9-a15a-4134-a34d-8b8eb3ae8d9d,13,130,13,9,0.6923076923076923,279.0,325.0,59,62,9,0.45384615384615384,0.47692307692307695,0.06923076923076923,risky
a375ac9b-0042-4371-ae96-3e7c0e28f88f,9,90,10,6,0.6,618.0,643.1111111111111,56,28,6,0.6222222222222222,0.3111111111111111,0.06666666666666667,bad
a391d12e-2f68-46db-a9fd-46779dd90493,13,90,13,9,0.6923076923076923,347.5,348.6666666666667,40,47,3,0.4444444444444444,0.5222222222222223,0.03333333333333333,risky
a3c844a4-5bf2-42bb-9656-e272586f5288,4,40,4,1,0.25,853.0,840.5,18,20,2,0.45,0.5,0.05,unknown_low_controls
a3e5ccb5-3e49-4236-8886-ca672ba507dd,2,20,4,2,0.5,453.5,453.5,10,9,1,0.5,0.45,0.05,unknown_low_controls
a41be18d-f1eb-4658-a0b2-bef9f4274ed8,13,127,16,12,0.75,410.0,420.2992125984252,60,60,7,0.47244094488188976,0.47244094488188976,0.05511811023622047,risky
a41dfbac-4408-447e-8d9b-e1f884ec96d9,5,50,10,6,0.6,872.0,1083.0,27,21,2,0.54,0.42,0.04,bad
a4206b2a-7445-4273-987d-4b4ca72a84f5,26,247,52,43,0.8269230769230769,211.0,232.37246963562754,112,116,19,0.4534412955465587,0.46963562753036436,0.07692307692307693,risky
a42b91a9-0b07-4bf7-a975-639d8e4a1b88,6,60,6,4,0.6666666666666666,166.5,172.0,23,37,0,0.38333333333333336,0.6166666666666667,0.0,risky
a43a0653-e155-4428-9845-7f4d2bfd5455,2,20,4,2,0.5,422.5,422.5,16,3,1,0.8,0.15,0.05,unknown_low_controls
a453a602-4c06-46e8-9dfa-a8f05e54d068,6,60,11,7,0.6363636363636364,907.5,993.6666666666666,34,25,1,0.5666666666666667,0.4166666666666667,0.016666666666666666,bad
a46d7813-4e91-49c6-b993-e4b6021d8d60,5,50,10,6,0.6,649.0,655.8,30,19,1,0.6,0.38,0.02,bad
a47b5756-8a91-4ce2-b6b2-8eb4acd65938,3,30,6,3,0.5,284.0,309.6666666666667,18,10,2,0.6,0.3333333333333333,0.06666666666666667,bad
a490d6e5-3ae1-4088-b4ea-48f21a58b775,2,20,3,1,0.3333333333333333,275.5,275.5,15,5,0,0.75,0.25,0.0,unknown_low_controls
a4a24604-30b8-4336-b166-5b36c6ff32c7,7,35,7,5,0.7142857142857143,272.0,271.42857142857144,23,10,2,0.6571428571428571,0.2857142857142857,0.05714285714285714,risky
a4a97c2d-89d3-4fe4-857a-8d41d9fd2f5a,2,20,4,3,0.75,933.5,933.5,8,10,2,0.4,0.5,0.1,unknown_low_controls
a4b2bb5a-fad8-4bc7-a2ba-6343b85e7cb8,20,200,20,16,0.8,171.5,184.15,77,102,21,0.385,0.51,0.105,risky
a4c8122a-906f-4983-83ca-7606df886601,5,50,10,6,0.6,373.0,408.6,20,21,9,0.4,0.42,0.18,bad
a4cbee84-c6cf-4337-b0d2-2bc92a060f66,9,90,9,5,0.5555555555555556,425.0,450.22222222222223,52,33,5,0.5777777777777777,0.36666666666666664,0.05555555555555555,bad
a4f11e30-27cf-4a8c-9fa2-5decbb12c775,19,95,19,14,0.7368421052631579,218.0,217.73684210526315,41,50,4,0.43157894736842106,0.5263157894736842,0.042105263157894736,risky
a4f518ca-dc0e-4b91-a1c7-ba25c6e94843,3,30,5,3,0.6,264.0,290.0,13,16,1,0.43333333333333335,0.5333333333333333,0.03333333333333333,bad
a50ca419-0b9d-41cc-a7d7-1a8ecd1dd9d6,3,30,6,3,0.5,394.0,398.6666666666667,23,6,1,0.7666666666666667,0.2,0.03333333333333333,bad
a51e21fa-87bc-4cb2-930b-07bbd30a6b9a,1,10,2,0,0.0,290.0,290.0,8,2,0,0.8,0.2,0.0,unknown_low_controls
a52f955a-8c76-40f3-8e84-9db4615407b8,17,170,34,29,0.8529411764705882,298.0,320.52941176470586,98,61,11,0.5764705882352941,0.3588235294117647,0.06470588235294118,good
a536b64a-0932-4e4e-8ecd-222bcdf1d74b,2,20,2,0,0.0,668.5,668.5,10,7,3,0.5,0.35,0.15,unknown_low_controls
a54c4ece-8b3e-48f5-9de0-f7aa0be7c980,5,50,10,7,0.7,451.0,551.2,28,18,4,0.56,0.36,0.08,risky
a553e991-7242-4faf-b2ff-79100498ae31,3,30,6,3,0.5,681.0,910.0,21,5,4,0.7,0.16666666666666666,0.13333333333333333,bad
a56061cb-4ef0-49e6-847a-2c4cbdbd00ea,3,30,6,3,0.5,851.0,1016.0,16,13,1,0.5333333333333333,0.43333333333333335,0.03333333333333333,bad
a581a9b5-bec9-42b2-929b-5c0c0af03f72,6,30,6,4,0.6666666666666666,147.5,172.5,16,11,3,0.5333333333333333,0.36666666666666664,0.1,risky
a5ab54d4-32f0-44f0-9f99-e2500a44f2ea,5,50,5,3,0.6,536.0,557.0,27,22,1,0.54,0.44,0.02,bad
a60363a9-240b-452c-a22e-1e1f2eff6920,6,60,12,8,0.6666666666666666,230.5,261.1666666666667,21,27,12,0.35,0.45,0.2,risky
a68d988f-1289-453c-a01b-603ea706c03e,5,50,5,2,0.4,43.0,43.0,29,18,3,0.58,0.36,0.06,bad
a6b53119-c25f-4f3a-b7b1-16c4f8c01faa,12,120,12,10,0.8333333333333334,397.0,426.0,51,65,4,0.425,0.5416666666666666,0.03333333333333333,risky
a6b89be9-7552-4941-a2f5-ba98bad58675,37,370,43,36,0.8372093023255814,425.0,500.4594594594595,215,140,15,0.581081081081081,0.3783783783783784,0.04054054054054054,risky
a6c2a049-fbc7-47c7-9c67-f5f0d4f41499,1,10,1,0,0.0,420.0,420.0,6,4,0,0.6,0.4,0.0,unknown_low_controls
a6e07076-71a2-4c5f-95cd-dc4a4bcd0bce,4,40,8,6,0.75,852.0,880.25,19,19,2,0.475,0.475,0.05,risky
a6f876f2-ee74-46c1-a997-ca47c867e463,8,80,16,12,0.75,342.5,338.125,40,26,14,0.5,0.325,0.175,risky
a6f9407f-e7e7-40ef-9a48-0f1d5e98bf5f,6,60,12,9,0.75,679.0,677.0,25,34,1,0.4166666666666667,0.5666666666666667,0.016666666666666666,risky
a70d7c56-763a-4764-ae8d-4ad3ece3cb4f,9,90,18,14,0.7777777777777778,319.0,408.1111111111111,49,41,0,0.5444444444444444,0.45555555555555555,0.0,risky
a73116a5-a4a4-4173-813e-7301f57a7403,14,140,28,23,0.8214285714285714,672.5,672.5,66,64,10,0.4714285714285714,0.45714285714285713,0.07142857142857142,risky
a74b383d-4d40-4336-8e5f-76328a0f835a,18,180,36,30,0.8333333333333334,420.5,416.0,90,84,6,0.5,0.4666666666666667,0.03333333333333333,risky
a7528370-83b6-44a5-b896-bb4ab5cd74bd,20,200,20,16,0.8,459.5,500.1,99,94,7,0.495,0.47,0.035,risky
a752b159-97a0-4b79-96ec-869d72fe0e3c,4,40,8,4,0.5,410.0,398.25,25,14,1,0.625,0.35,0.025,bad
a76804e7-de8f-4f6c-983a-704d2f590997,6,60,12,9,0.75,340.5,338.3333333333333,44,15,1,0.7333333333333333,0.25,0.016666666666666666,risky
a783cc1d-aa98-4bc3-a162-5ac13bd33df8,4,40,8,5,0.625,685.5,679.75,20,19,1,0.5,0.475,0.025,bad
a7ba3dec-bd37-4480-a213-9cafe8fc005c,2,20,4,1,0.25,316.0,316.0,14,6,0,0.7,0.3,0.0,unknown_low_controls
a7beaf97-807d-4db0-a108-e98f2978db48,6,60,6,3,0.5,450.5,494.3333333333333,21,36,3,0.35,0.6,0.05,bad
a802b99a-2634-43d6-a3c0-9abb81949136,9,45,9,6,0.6666666666666666,96.0,116.55555555555556,18,27,0,0.4,0.6,0.0,risky
a8198f70-1f7b-416c-9321-a42774bd69e9,3,30,3,1,0.3333333333333333,403.0,389.6666666666667,14,11,5,0.4666666666666667,0.36666666666666664,0.16666666666666666,unknown_low_controls
a81a1842-44db-4b59-85e3-b070f2220151,32,160,32,28,0.875,110.5,117.75,65,91,4,0.40625,0.56875,0.025,good
a832ee4d-25d0-4988-9d54-608be46daefa,4,40,8,3,0.375,75.0,133.75,29,11,0,0.725,0.275,0.0,bad
a8437a4d-9a5b-4690-bd7e-bddc1da4787d,3,30,6,4,0.6666666666666666,406.0,406.3333333333333,17,11,2,0.5666666666666667,0.36666666666666664,0.06666666666666667,risky
a8d4092a-381e-4e69-a8dd-16ec3868f1aa,5,50,10,5,0.5,1335.0,1147.4,29,17,4,0.58,0.34,0.08,bad
a92fc929-990b-4a63-b524-5b7af4de4ba6,17,167,34,28,0.8235294117647058,254.0,258.35928143712573,92,72,3,0.5508982035928144,0.4311377245508982,0.017964071856287425,risky
a936bfa7-9c26-4c95-afe9-8d9064b55334,16,160,16,12,0.75,341.5,445.625,80,76,4,0.5,0.475,0.025,risky
a93a6eae-6061-473c-ad6e-4478834b9544,14,140,15,11,0.7333333333333333,293.5,336.2142857142857,81,46,13,0.5785714285714286,0.32857142857142857,0.09285714285714286,risky
a93b74ed-ced5-4d06-b3d9-d8e18b2e10cd,4,40,8,4,0.5,10.5,54.75,40,0,0,1.0,0.0,0.0,bad
a93c73f9-c67d-47bf-a714-fc723147865c,6,60,12,8,0.6666666666666666,1243.5,1233.6666666666667,38,21,1,0.6333333333333333,0.35,0.016666666666666666,risky
a95b6a5b-c516-4e41-b6d6-3230c0dc4212,3,30,6,2,0.3333333333333333,507.0,494.0,25,5,0,0.8333333333333334,0.16666666666666666,0.0,bad
a985430b-d6eb-468f-84b6-ac4dfbf6e2df,5,50,6,5,0.8333333333333334,315.0,326.2,28,22,0,0.56,0.44,0.0,risky
a9a6fa9d-e45f-450b-96f5-c736e1017dce,13,130,21,16,0.7619047619047619,447.0,492.2307692307692,76,53,1,0.5846153846153846,0.4076923076923077,0.007692307692307693,risky
a9c89d69-fd54-4775-97e4-fd6cc6d072a1,9,90,12,9,0.75,388.0,421.8888888888889,56,34,0,0.6222222222222222,0.37777777777777777,0.0,risky
a9ed56ab-974a-4f51-9e8b-d4439ff722a9,4,40,6,5,0.8333333333333334,540.5,557.5,17,23,0,0.425,0.575,0.0,risky
aa86f605-390f-4904-8955-c68672e4b506,7,70,7,4,0.5714285714285714,211.0,224.71428571428572,33,34,3,0.4714285714285714,0.4857142857142857,0.04285714285714286,bad
aa998951-ecd9-477f-9f9f-0ad084cf52c3,8,77,8,4,0.5,431.0,453.64935064935065,68,9,0,0.8831168831168831,0.11688311688311688,0.0,bad
aa9c2d2f-f48e-4009-90e3-71ab7fff080c,7,70,14,11,0.7857142857142857,550.0,604.8571428571429,43,26,1,0.6142857142857143,0.37142857142857144,0.014285714285714285,risky
aab0fa70-96b8-405a-bacc-a03a55e3687f,2,20,4,2,0.5,216.5,216.5,8,10,2,0.4,0.5,0.1,unknown_low_controls
aad12e6f-7e7a-49cf-b6c2-f4b2492f49bc,5,50,10,6,0.6,716.0,669.8,29,17,4,0.58,0.34,0.08,bad
aae92d1a-3652-4a35-aa2d-8355e7b92f49,5,50,10,6,0.6,471.0,628.0,23,27,0,0.46,0.54,0.0,bad
aaf6ff3b-06a1-457c-83a4-f16bade24dff,3,30,6,3,0.5,327.0,327.3333333333333,21,6,3,0.7,0.2,0.1,bad
ab61792e-228a-465c-9725-8338d12e5b82,17,85,17,13,0.7647058823529411,386.0,389.3529411764706,53,28,4,0.6235294117647059,0.32941176470588235,0.047058823529411764,risky
ab67f867-3917-48e3-a490-74c88cd57fc9,2,10,2,1,0.5,124.5,124.5,4,5,1,0.4,0.5,0.1,unknown_low_controls
ab6b8cdb-990a-44d2-a9d5-6bb27a2148dc,1,10,1,0,0.0,630.0,630.0,1,8,1,0.1,0.8,0.1,unknown_low_controls
ab7f2a29-083d-49a4-8533-15f2f7e7b152,12,120,12,8,0.6666666666666666,263.5,276.25,70,46,4,0.5833333333333334,0.38333333333333336,0.03333333333333333,risky
ab9a634d-477b-4935-a401-88ee18f00a5c,2,20,2,1,0.5,240.5,240.5,12,8,0,0.6,0.4,0.0,unknown_low_controls
ab9afab5-e777-4a36-84a5-9428f5d3ade8,1,10,2,1,0.5,228.0,228.0,1,9,0,0.1,0.9,0.0,unknown_low_controls
ac05401a-3d5d-4b7b-b997-f44be1f02933,4,40,4,3,0.75,281.0,312.25,18,19,3,0.45,0.475,0.075,unknown_low_controls
ac452bc9-03e0-44af-a6bf-66d8da1a1f97,6,60,6,5,0.8333333333333334,654.0,666.0,30,24,6,0.5,0.4,0.1,risky
ac8dd3b7-a7fa-43aa-be82-a3929f5d53c3,6,60,12,8,0.6666666666666666,694.5,759.8333333333334,34,25,1,0.5666666666666667,0.4166666666666667,0.016666666666666666,risky
aca45d69-1426-4fa4-bc00-4ea730ffe122,5,50,10,6,0.6,296.0,321.0,40,7,3,0.8,0.14,0.06,bad
acad8122-cf15-4e0a-ada3-93201753647e,1,10,1,0,0.0,426.0,426.0,7,2,1,0.7,0.2,0.1,unknown_low_controls
acc29cef-1447-4029-9622-4c0eee1b9fb3,10,100,20,16,0.8,783.5,800.8,57,33,10,0.57,0.33,0.1,risky
acc721f9-07b5-4203-952b-d88f36aab4ab,9,90,10,6,0.6,280.0,293.44444444444446,56,33,1,0.6222222222222222,0.36666666666666664,0.011111111111111112,bad
acff5b60-3658-436c-b8ce-9eb5e2cbe5cc,3,30,6,4,0.6666666666666666,16.0,16.333333333333332,21,9,0,0.7,0.3,0.0,risky
ad18fb10-9177-43c9-a40a-182f14006f1a,4,40,8,6,0.75,368.5,378.75,24,14,2,0.6,0.35,0.05,risky
ad40b5fa-7080-4a88-82ab-9613e11d7d57,3,30,6,4,0.6666666666666666,574.0,659.6666666666666,19,11,0,0.6333333333333333,0.36666666666666664,0.0,risky
ad52aa10-0679-46fa-a9a4-f438c6e41713,20,200,25,20,0.8,573.5,658.4,101,96,3,0.505,0.48,0.015,risky
ad56ec99-bc9f-4b77-9501-0eb2a720c5c9,3,30,6,3,0.5,672.0,748.0,18,12,0,0.6,0.4,0.0,bad
ad5c5d1a-8f75-41a3-a7f3-9c06287296af,2,20,4,3,0.75,270.0,270.0,6,11,3,0.3,0.55,0.15,unknown_low_controls
ad844971-2f67-4c61-a172-04187a47618f,2,20,4,0,0.0,281.0,281.0,14,6,0,0.7,0.3,0.0,unknown_low_controls
ad889f24-cfa0-4bce-b4a5-fec3c0fc072e,25,205,27,23,0.8518518518518519,484.0,570.4146341463414,105,73,27,0.5121951219512195,0.35609756097560974,0.13170731707317074,good
ad8d9b3c-ac18-41b6-9314-938c8079151a,5,25,5,3,0.6,192.0,224.6,8,17,0,0.32,0.68,0.0,bad
ad8fb792-697b-455d-afad-f466d16c63d3,4,40,8,5,0.625,241.5,252.75,27,11,2,0.675,0.275,0.05,bad
adac8f10-cb4b-4fa6-8015-c79a35e569e6,3,30,6,4,0.6666666666666666,759.0,774.3333333333334,23,5,2,0.7666666666666667,0.16666666666666666,0.06666666666666667,risky
adeea73a-d5d9-443c-83d9-a00f85711f97,28,230,28,23,0.8214285714285714,303.0,346.5652173913044,100,118,12,0.43478260869565216,0.5130434782608696,0.05217391304347826,risky
ae3f0bf6-29ae-4b54-aba7-795852abc5b3,1,10,1,0,0.0,454.0,454.0,8,2,0,0.8,0.2,0.0,unknown_low_controls
ae527ee9-2d9a-431b-9ced-6be4ab59ea46,7,70,14,10,0.7142857142857143,250.0,241.28571428571428,27,36,7,0.38571428571428573,0.5142857142857142,0.1,risky
ae672efe-f823-4d40-8f44-610846b8c7d8,7,70,14,11,0.7857142857142857,466.0,454.85714285714283,26,32,12,0.37142857142857144,0.45714285714285713,0.17142857142857143,risky
ae7bf304-4e73-4de0-a4a0-31aec4346e9d,11,110,22,17,0.7727272727272727,210.0,225.45454545454547,42,63,5,0.38181818181818183,0.5727272727272728,0.045454545454545456,risky
ae835847-42d2-440c-9c61-b0f80cc6a069,7,70,7,4,0.5714285714285714,566.0,829.0,26,41,3,0.37142857142857144,0.5857142857142857,0.04285714285714286,bad
ae83b78d-6665-4404-995d-b67c6d05e041,3,30,6,4,0.6666666666666666,504.0,573.0,20,10,0,0.6666666666666666,0.3333333333333333,0.0,risky
ae8e4601-7631-4a58-99e6-4f0bbb3f3f4c,7,70,7,5,0.7142857142857143,418.0,395.0,41,29,0,0.5857142857142857,0.4142857142857143,0.0,risky
ae914e7a-1909-4c79-889d-a4b3ca36df43,4,40,4,2,0.5,503.0,556.5,18,20,2,0.45,0.5,0.05,unknown_low_controls
aeadb07b-27fc-4f51-98d0-064885c1e1dd,13,130,13,9,0.6923076923076923,340.0,361.46153846153845,80,47,3,0.6153846153846154,0.36153846153846153,0.023076923076923078,risky
aeaf062b-d12f-4f83-85b4-6005eb259c77,5,50,6,3,0.5,130.0,134.8,10,34,6,0.2,0.68,0.12,bad
aec0668b-132e-4afd-a701-d34ff441ebfe,16,80,16,12,0.75,179.5,168.75,36,37,7,0.45,0.4625,0.0875,risky
aed90c03-8411-4f88-abd0-a373842cfc85,9,90,12,8,0.6666666666666666,320.0,357.22222222222223,63,23,4,0.7,0.25555555555555554,0.044444444444444446,risky
af008b4d-569b-44af-96a8-f7a74ec957cc,1,10,2,1,0.5,439.0,439.0,7,2,1,0.7,0.2,0.1,unknown_low_controls
af1e5de5-ab01-4ac4-bde9-de679d7ced7b,2,20,4,2,0.5,675.5,675.5,16,2,2,0.8,0.1,0.1,unknown_low_controls
af297fbc-6c58-441d-8dc7-1e422ac51fb7,18,180,20,15,0.75,534.0,535.8888888888889,102,73,5,0.5666666666666667,0.40555555555555556,0.027777777777777776,risky
af389da4-46e9-4156-b0ee-2fd54bd50b3a,22,220,22,18,0.8181818181818182,529.0,676.4545454545455,110,101,9,0.5,0.4590909090909091,0.04090909090909091,risky
af4228dd-432c-44b8-b621-650cac2771f0,7,70,14,10,0.7142857142857143,253.0,348.0,22,39,9,0.3142857142857143,0.5571428571428572,0.12857142857142856,risky
af58fb1d-f58a-487c-ae38-7aef2ad8a418,29,290,58,49,0.8448275862068966,310.0,337.44827586206895,103,119,68,0.35517241379310344,0.4103448275862069,0.23448275862068965,risky
af72a6d9-ae21-4b5b-a372-8022425d81d9,11,110,11,7,0.6363636363636364,255.0,251.8181818181818,57,49,4,0.5181818181818182,0.44545454545454544,0.03636363636363636,bad
af772b59-7078-4feb-a818-e985d05442d1,3,30,6,3,0.5,331.0,361.0,13,16,1,0.43333333333333335,0.5333333333333333,0.03333333333333333,bad
af8d2699-7d3d-44a3-a77d-12688788b3e0,23,230,36,30,0.8333333333333334,993.0,927.4347826086956,102,115,13,0.4434782608695652,0.5,0.05652173913043478,risky
af90d50d-3fc7-46bf-bfe9-af68d5adce16,4,40,4,2,0.5,298.0,306.5,29,9,2,0.725,0.225,0.05,unknown_low_controls
afb8bea4-bc97-476f-8e5a-5a75b03cc219,2,20,4,2,0.5,151.0,151.0,4,10,6,0.2,0.5,0.3,unknown_low_controls
afba50b9-4ab0-422b-b62e-4f45395ced16,6,60,8,4,0.5,505.0,505.8333333333333,36,22,2,0.6,0.36666666666666664,0.03333333333333333,bad
afc3ce5e-b812-4faf-ac03-7cead8a14399,9,90,18,14,0.7777777777777778,571.0,497.3333333333333,28,54,8,0.3111111111111111,0.6,0.08888888888888889,risky
afd7c866-4cbc-42bd-ab6d-e58dfb9de36e,1,5,1,0,0.0,149.0,149.0,3,2,0,0.6,0.4,0.0,unknown_low_controls
afdf406a-229a-4078-8f9c-681e6d0a83a6,8,80,8,5,0.625,466.5,465.125,40,37,3,0.5,0.4625,0.0375,bad
afe509d5-d6bc-474b-96cd-91752d4805fd,14,140,28,22,0.7857142857142857,607.5,583.8571428571429,79,48,13,0.5642857142857143,0.34285714285714286,0.09285714285714286,risky
aff472e7-680d-4ab0-a7c0-166838718e8a,3,30,6,3,0.5,667.0,834.6666666666666,20,9,1,0.6666666666666666,0.3,0.03333333333333333,bad
b0374075-2ab5-4672-a9c1-6fe0545b0fb7,8,40,8,6,0.75,307.5,326.625,22,15,3,0.55,0.375,0.075,risky
b039bc62-64a4-438c-953a-7c7ee1fa5bb2,3,30,6,2,0.3333333333333333,449.0,445.6666666666667,16,7,7,0.5333333333333333,0.23333333333333334,0.23333333333333334,bad
b043b316-f85f-4fa6-99bb-3e3a4efc3b1f,2,20,4,1,0.25,530.5,530.5,14,6,0,0.7,0.3,0.0,unknown_low_controls
b05fea1d-8c93-41bb-ac79-42f33c888543,2,20,4,1,0.25,394.0,394.0,13,7,0,0.65,0.35,0.0,unknown_low_controls
b060a4aa-8ddd-4b9a-9cac-40eb70e225cd,4,40,8,4,0.5,249.5,253.5,28,12,0,0.7,0.3,0.0,bad
b0c44207-5362-4132-83bc-d8429d918425,6,60,12,7,0.5833333333333334,53.5,84.16666666666667,39,19,2,0.65,0.31666666666666665,0.03333333333333333,bad
b0c9b739-19b1-4d12-b62e-74663d3808d1,15,150,17,13,0.7647058823529411,447.0,540.2,58,78,14,0.38666666666666666,0.52,0.09333333333333334,risky
b0cb9873-3f8c-479a-a1dc-afaa53172b02,12,70,13,9,0.6923076923076923,335.0,304.42857142857144,38,30,2,0.5428571428571428,0.42857142857142855,0.02857142857142857,risky
b0d1e7b4-02c7-4e29-b530-1819cb277ebb,5,50,10,7,0.7,866.0,833.8,29,20,1,0.58,0.4,0.02,risky
b0d3ec0c-e13d-4cd9-a41c-9a51df6c7103,1,10,2,1,0.5,153.0,153.0,7,1,2,0.7,0.1,0.2,unknown_low_controls
b0f9208e-9095-4d9d-99d1-5e56119e8cd1,11,110,22,17,0.7727272727272727,335.0,337.0,60,49,1,0.5454545454545454,0.44545454545454544,0.00909090909090909,risky
b108fd39-4a9b-4685-bb0b-92c62241b711,18,170,34,27,0.7941176470588235,490.0,544.4705882352941,95,72,3,0.5588235294117647,0.4235294117647059,0.01764705882352941,risky
b10f786c-ea91-42a3-99c2-83c45bbc6029,9,90,14,10,0.7142857142857143,251.0,237.77777777777777,44,38,8,0.4888888888888889,0.4222222222222222,0.08888888888888889,risky
b1393dd8-b26f-4064-b699-eddeced93151,1,10,2,0,0.0,585.0,585.0,5,5,0,0.5,0.5,0.0,unknown_low_controls
b14b3050-e105-44a5-a7f2-ff68cc81119e,2,20,4,2,0.5,448.0,448.0,15,4,1,0.75,0.2,0.05,unknown_low_controls
b16b50c8-cdc5-4c25-904d-b06aab4a73eb,10,100,20,16,0.8,260.5,363.3,50,48,2,0.5,0.48,0.02,risky
b1819399-3318-45a0-8f5c-c878ba86a546,21,210,42,34,0.8095238095238095,269.0,268.6190476190476,114,86,10,0.5428571428571428,0.4095238095238095,0.047619047619047616,risky
b1877f4f-f17b-44a0-b8b6-ebc2e9c7266f,4,40,4,0,0.0,271.5,279.5,27,11,2,0.675,0.275,0.05,unknown_low_controls
b1cb4cc7-f560-4581-87a8-90cb5d0c11df,7,70,7,4,0.5714285714285714,420.0,637.5714285714286,31,36,3,0.44285714285714284,0.5142857142857142,0.04285714285714286,bad
b21a6a14-4a01-4baf-bb1d-18ed0beafc74,1,10,2,2,1.0,254.0,254.0,6,3,1,0.6,0.3,0.1,unknown_low_controls
b273c142-446e-4aa3-80f8-4af0297751f1,16,160,16,12,0.75,252.0,291.75,91,63,6,0.56875,0.39375,0.0375,risky
b29d4edf-ac8e-49d0-b751-e74c2d56eabc,7,70,9,6,0.6666666666666666,567.0,560.4285714285714,36,29,5,0.5142857142857142,0.4142857142857143,0.07142857142857142,risky
b2a2355f-437c-4d01-a124-ab06ca2fe6b9,10,100,20,16,0.8,573.5,586.9,57,36,7,0.57,0.36,0.07,risky
b2ba8f07-fcf7-4f77-987e-7a22d239b447,5,47,10,6,0.6,239.0,251.61702127659575,29,16,2,0.6170212765957447,0.3404255319148936,0.0425531914893617,bad
b2fa13c9-3984-4d7c-84c2-bbef3e498f4d,15,150,30,23,0.7666666666666667,965.0,921.6666666666666,88,53,9,0.5866666666666667,0.35333333333333333,0.06,risky
b2fc8a5b-1dfe-49b3-bc98-18346f26d4a9,7,70,14,10,0.7142857142857143,133.0,160.57142857142858,43,15,12,0.6142857142857143,0.21428571428571427,0.17142857142857143,risky
b3172077-3f3a-49b8-930d-21dc186c387e,7,70,10,6,0.6,203.0,220.42857142857142,38,30,2,0.5428571428571428,0.42857142857142855,0.02857142857142857,bad
b3427232-db87-4758-83ed-fe6bc9cd9235,2,20,4,2,0.5,407.0,407.0,9,11,0,0.45,0.55,0.0,unknown_low_controls
b3505a6f-29d7-4ddf-b19c-dd67c55e3615,1,10,1,0,0.0,412.0,412.0,6,4,0,0.6,0.4,0.0,unknown_low_controls
b35a039d-6f4d-49a1-b4d6-a208411cbcc8,7,70,14,10,0.7142857142857143,188.0,300.14285714285717,31,37,2,0.44285714285714284,0.5285714285714286,0.02857142857142857,risky
b38dc46f-4bfc-43c7-812e-6de6882c50d0,6,60,7,4,0.5714285714285714,291.0,336.3333333333333,34,21,5,0.5666666666666667,0.35,0.08333333333333333,bad
b3afcc74-a141-4a97-8d35-032acc97fd01,4,40,5,2,0.4,415.0,421.75,24,14,2,0.6,0.35,0.05,bad
b3be10c8-8ab6-4487-a219-84cafebd93e4,12,120,24,20,0.8333333333333334,340.5,357.5,79,37,4,0.6583333333333333,0.30833333333333335,0.03333333333333333,risky
b3c7e0cc-6697-425f-9b02-93a202000e94,9,90,18,14,0.7777777777777778,328.0,335.0,44,40,6,0.4888888888888889,0.4444444444444444,0.06666666666666667,risky
b3d3b225-0b92-419d-ac56-12ca841f477e,14,140,14,10,0.7142857142857143,268.0,274.92857142857144,87,47,6,0.6214285714285714,0.3357142857142857,0.04285714285714286,risky
b3ed89bd-25e6-4989-860e-7a0642472838,5,50,5,2,0.4,429.0,478.2,21,25,4,0.42,0.5,0.08,bad
b4004c0c-e5b1-4b78-8a74-51e84521b47b,1,10,2,1,0.5,208.0,208.0,4,5,1,0.4,0.5,0.1,unknown_low_controls
b404afe5-f943-4391-9458-4f218f7fde56,2,20,4,1,0.25,776.0,776.0,15,5,0,0.75,0.25,0.0,unknown_low_controls
b43c6697-767c-4bae-8447-aa3a5aba6ec2,8,80,8,5,0.625,479.0,491.75,44,32,4,0.55,0.4,0.05,bad
b440a5ae-10c6-4649-806d-1f2289f674f7,1,10,2,2,1.0,198.0,198.0,1,9,0,0.1,0.9,0.0,unknown_low_controls
b450e0e1-c7bd-4c2f-8aae-d50cf241f07a,6,60,8,4,0.5,328.0,394.6666666666667,29,27,4,0.48333333333333334,0.45,0.06666666666666667,bad
b466c9ce-6034-4a82-ba30-c9e64f278b2d,9,90,11,7,0.6363636363636364,611.0,679.0,37,49,4,0.4111111111111111,0.5444444444444444,0.044444444444444446,bad
b46d8d67-bedd-4830-a9c2-e791f506ea10,4,40,4,0,0.0,268.0,273.75,19,17,4,0.475,0.425,0.1,unknown_low_controls
b46fd30e-0784-48ae-8e24-29f479e92a39,9,90,18,14,0.7777777777777778,304.0,307.0,38,47,5,0.4222222222222222,0.5222222222222223,0.05555555555555555,risky
b480d4b5-e0f8-4582-9313-5bd31dbc6d06,1,10,2,0,0.0,483.0,483.0,9,1,0,0.9,0.1,0.0,unknown_low_controls
b491fd67-7636-480d-8e69-626845b04df3,9,90,9,9,1.0,414.0,426.44444444444446,39,42,9,0.43333333333333335,0.4666666666666667,0.1,good
b4924fe4-2aa5-48e4-bd51-196fafc9b650,20,172,25,20,0.8,348.0,354.5,103,67,2,0.5988372093023255,0.38953488372093026,0.011627906976744186,risky
b4e708c2-85cc-48c8-9e72-a815c1224b02,3,30,6,4,0.6666666666666666,482.0,475.0,15,12,3,0.5,0.4,0.1,risky
b50f3802-efa1-4858-b99b-49375273dc96,2,10,2,0,0.0,434.5,434.5,8,2,0,0.8,0.2,0.0,unknown_low_controls
b553dd5e-9181-45c3-85e3-139350106054,10,100,20,16,0.8,437.0,560.8,40,55,5,0.4,0.55,0.05,risky
b5702af8-029e-41d2-a40e-aae31d5d88de,4,40,8,6,0.75,220.0,220.25,21,18,1,0.525,0.45,0.025,risky
b57b3c6d-7aee-4f55-b9fe-9de24bbc84ef,6,60,6,4,0.6666666666666666,715.5,719.1666666666666,33,24,3,0.55,0.4,0.05,risky
b58ed74e-3e30-4a88-bafa-7978073a7c13,15,150,19,15,0.7894736842105263,242.0,351.93333333333334,68,76,6,0.4533333333333333,0.5066666666666667,0.04,risky
b5cd6999-da52-4f75-ad06-1f707f830f8e,8,80,16,12,0.75,315.5,299.375,62,18,0,0.775,0.225,0.0,risky
b5d0a4f1-f2ab-4a7b-b7fc-5250b434de54,4,40,8,4,0.5,1360.0,1292.0,25,15,0,0.625,0.375,0.0,bad
b5e04c7c-1cd7-410c-910e-eb65e7146264,16,105,16,12,0.75,589.0,604.9047619047619,54,40,11,0.5142857142857142,0.38095238095238093,0.10476190476190476,risky
b600526e-2c76-4a7c-be23-854b61d08520,7,70,9,6,0.6666666666666666,299.0,316.2857142857143,28,38,4,0.4,0.5428571428571428,0.05714285714285714,risky
b60699a3-c799-4e97-9044-e00251977c8b,15,150,15,11,0.7333333333333333,297.0,310.8,93,53,4,0.62,0.35333333333333333,0.02666666666666667,risky
b60ad499-e3ea-455e-80f2-d05bffd24fe5,2,20,4,2,0.5,364.0,364.0,12,7,1,0.6,0.35,0.05,unknown_low_controls
b61172d3-a065-4f78-9a3e-0b36f0a1d42e,8,80,16,12,0.75,347.5,327.875,42,37,1,0.525,0.4625,0.0125,risky
b62900a1-b5ac-4d8a-ad0d-99fd132aa58d,23,230,23,18,0.782608695652174,548.0,563.2608695652174,120,96,14,0.5217391304347826,0.41739130434782606,0.06086956521739131,risky
b6903ee3-929f-4c6a-bc36-5b194f7f84b2,3,30,3,1,0.3333333333333333,653.0,688.3333333333334,11,13,6,0.36666666666666664,0.43333333333333335,0.2,unknown_low_controls
b6b57a56-a4bc-4de9-986b-95c98d0bbbb4,10,100,20,16,0.8,270.0,265.2,49,51,0,0.49,0.51,0.0,risky
b6d23b88-db1f-4189-9f8c-89994165ca2e,18,180,35,29,0.8285714285714286,243.5,283.1666666666667,75,97,8,0.4166666666666667,0.5388888888888889,0.044444444444444446,risky
b6e62b61-6173-4cb2-97f9-4a8f4904d8b4,3,30,4,3,0.75,364.0,325.3333333333333,11,17,2,0.36666666666666664,0.5666666666666667,0.06666666666666667,unknown_low_controls
b6f855fc-6153-4f71-bbd3-5fcac658afa1,11,110,11,7,0.6363636363636364,292.0,319.90909090909093,51,53,6,0.4636363636363636,0.4818181818181818,0.05454545454545454,bad
b710b114-5453-43fb-a34d-e66913dab95b,7,70,14,11,0.7857142857142857,254.0,304.57142857142856,22,28,20,0.3142857142857143,0.4,0.2857142857142857,risky
b7682ce8-5560-48d3-96f4-37a075103b90,9,90,9,5,0.5555555555555556,421.0,476.44444444444446,58,31,1,0.6444444444444445,0.34444444444444444,0.011111111111111112,bad
b789275a-aad7-4bc7-ac20-e0bb9c35e7d1,17,170,34,27,0.7941176470588235,154.0,163.88235294117646,91,75,4,0.5352941176470588,0.4411764705882353,0.023529411764705882,risky
b7b2fff2-b3d7-4ce6-a8b3-3bc8427677ac,8,80,14,12,0.8571428571428571,115.0,182.125,55,20,5,0.6875,0.25,0.0625,good
b7c5aacc-b2c5-453a-9dad-e6615ed64625,14,140,16,12,0.75,208.0,224.92857142857142,71,62,7,0.5071428571428571,0.44285714285714284,0.05,risky
b7e38d11-02da-4038-950d-c8f007cf62b4,13,130,26,22,0.8461538461538461,594.0,595.2307692307693,70,56,4,0.5384615384615384,0.4307692307692308,0.03076923076923077,risky
b8016daf-d8d6-418c-b102-0f0e992eca54,21,105,21,16,0.7619047619047619,210.0,248.52380952380952,49,54,2,0.4666666666666667,0.5142857142857142,0.01904761904761905,risky
b848f9a6-1db4-40f8-abed-f62b0439a8a7,10,100,10,6,0.6,350.5,380.2,42,55,3,0.42,0.55,0.03,bad
b85f02f1-3c12-433e-84a2-ff63da4d4393,14,140,15,11,0.7333333333333333,881.0,804.4285714285714,80,57,3,0.5714285714285714,0.40714285714285714,0.02142857142857143,risky
b85f62a1-b85b-47ff-a2fc-be40e2368cc1,8,80,8,4,0.5,685.0,661.75,49,25,6,0.6125,0.3125,0.075,bad
b86935a3-0a4a-406c-8604-7f6eafee0811,3,30,3,2,0.6666666666666666,290.0,236.33333333333334,16,14,0,0.5333333333333333,0.4666666666666667,0.0,unknown_low_controls
b8972e1a-7ca8-4807-88e1-2fd9e8cd41c6,14,140,16,12,0.75,371.0,361.64285714285717,87,50,3,0.6214285714285714,0.35714285714285715,0.02142857142857143,risky
b8b29407-d542-42f5-9bbe-bd17cc6977d4,5,25,5,2,0.4,117.0,144.4,9,16,0,0.36,0.64,0.0,bad
b8b3fb44-8487-4f68-95e6-e6b7ba57ef9d,5,50,5,3,0.6,681.0,747.0,26,22,2,0.52,0.44,0.04,bad
b8b9deb7-4a24-4b92-b2aa-184ece1b89b1,15,150,15,11,0.7333333333333333,385.0,633.4,91,58,1,0.6066666666666667,0.38666666666666666,0.006666666666666667,risky
b8c31eb0-f828-48b7-a937-88b5a7dbd915,19,190,19,15,0.7894736842105263,349.0,541.3684210526316,73,110,7,0.38421052631578945,0.5789473684210527,0.03684210526315789,risky
b8c5807b-50a4-489d-8fb5-2f41b94605bc,7,70,14,10,0.7142857142857143,667.0,710.4285714285714,43,26,1,0.6142857142857143,0.37142857142857144,0.014285714285714285,risky
b8da4bd6-f1f0-46e8-af86-e9843f93cd0e,4,40,8,6,0.75,313.5,294.25,16,16,8,0.4,0.4,0.2,risky
b8e6cc62-4dbe-40ae-8039-7effdfcd7a42,15,150,30,24,0.8,334.0,321.0,89,56,5,0.5933333333333334,0.37333333333333335,0.03333333333333333,risky
b936e93b-ebd8-46b3-a85c-3c73d0a461b4,2,20,4,3,0.75,945.0,945.0,7,12,1,0.35,0.6,0.05,unknown_low_controls
b94f33e3-6ecc-42cd-9d75-700912ad218d,6,60,6,4,0.6666666666666666,633.0,618.8333333333334,32,28,0,0.5333333333333333,0.4666666666666667,0.0,risky
b9831c89-da72-4b8c-8e7b-14375b909d89,9,90,16,13,0.8125,209.0,252.44444444444446,53,25,12,0.5888888888888889,0.2777777777777778,0.13333333333333333,risky
b994fda8-948f-4994-936f-b25c0a128c1d,8,80,8,4,0.5,399.5,393.875,47,26,7,0.5875,0.325,0.0875,bad
b99d77f9-ad9d-429d-ad68-b6a0b1139249,3,30,6,3,0.5,554.0,544.0,19,11,0,0.6333333333333333,0.36666666666666664,0.0,bad
b9aa9025-ad60-4718-b127-a970e20dcd27,1,10,2,0,0.0,221.0,221.0,6,1,3,0.6,0.1,0.3,unknown_low_controls
b9b6e3dc-77d6-42a9-ae8d-c8f8dfa22d74,6,60,12,8,0.6666666666666666,668.5,707.5,29,31,0,0.48333333333333334,0.5166666666666667,0.0,risky
b9dc85fd-4f50-4b82-a4fb-73bd5cd59efb,9,90,18,14,0.7777777777777778,445.0,427.0,53,30,7,0.5888888888888889,0.3333333333333333,0.07777777777777778,risky
ba2b344f-07d0-4d68-8c57-7662af049873,7,70,14,9,0.6428571428571429,189.0,185.0,49,18,3,0.7,0.2571428571428571,0.04285714285714286,bad
ba3255d6-ea02-457d-b231-d8334edbbb4c,5,50,5,2,0.4,563.0,512.6,25,23,2,0.5,0.46,0.04,bad
ba61d9aa-ab32-4bbd-85f4-2c54d3f48401,5,50,10,6,0.6,366.0,386.0,23,17,10,0.46,0.34,0.2,bad
baa8af6e-581f-4238-98da-824848826787,6,60,11,7,0.6363636363636364,458.5,481.8333333333333,24,35,1,0.4,0.5833333333333334,0.016666666666666666,bad
bac34413-505a-49d3-80c8-993ca0c86ab0,1,10,2,0,0.0,172.0,172.0,6,3,1,0.6,0.3,0.1,unknown_low_controls
bac49b03-3a78-48bc-854f-b4fdca4076aa,9,90,18,14,0.7777777777777778,122.0,115.0,59,25,6,0.6555555555555556,0.2777777777777778,0.06666666666666667,risky
bacc5b76-f996-40fd-989f-440817cf97d8,9,90,16,12,0.75,819.0,918.3333333333334,48,36,6,0.5333333333333333,0.4,0.06666666666666667,risky
badf8146-b945-4c0b-83b3-3b7362dea481,15,150,18,14,0.7777777777777778,315.0,336.93333333333334,80,69,1,0.5333333333333333,0.46,0.006666666666666667,risky
bae991fe-150a-47d0-9d02-7c1fcb079e5f,2,20,4,1,0.25,45.0,45.0,19,1,0,0.95,0.05,0.0,unknown_low_controls
bb115c8e-bbba-402c-b134-e393650ae815,7,70,11,7,0.6363636363636364,335.0,414.0,38,29,3,0.5428571428571428,0.4142857142857143,0.04285714285714286,bad
bb7fb35f-c50b-46ea-bea2-e9596917d1d8,4,40,8,4,0.5,79.5,85.25,32,7,1,0.8,0.175,0.025,bad
bb86c9b9-63b7-4d53-936d-4919b1fed80e,1,10,1,0,0.0,314.0,314.0,6,4,0,0.6,0.4,0.0,unknown_low_controls
bb873833-5b0e-4cd5-99bd-c4cf641da662,3,30,6,3,0.5,246.0,235.33333333333334,15,11,4,0.5,0.36666666666666664,0.13333333333333333,bad
bb994198-bc8f-4c63-a44c-c556682d2f17,8,75,16,12,0.75,216.0,334.26666666666665,41,33,1,0.5466666666666666,0.44,0.013333333333333334,risky
bbb3e716-0175-40b3-9e85-1233894888ef,10,100,10,7,0.7,450.5,516.0,59,34,7,0.59,0.34,0.07,risky
bbd89c42-f9a5-45a2-8adf-f74cffa584f3,2,20,4,0,0.0,1105.5,1105.5,13,7,0,0.65,0.35,0.0,unknown_low_controls
bc16575e-5237-43e1-8ee0-1d85ec226476,8,80,16,12,0.75,221.0,257.5,28,46,6,0.35,0.575,0.075,risky
bc579f43-d5f5-4288-9dff-7150714e79cf,8,77,12,8,0.6666666666666666,292.0,321.7402597402597,39,34,4,0.5064935064935064,0.44155844155844154,0.05194805194805195,risky
bd2670a9-d94c-4ee5-8425-83173a0c4d00,5,50,5,2,0.4,352.0,385.2,23,26,1,0.46,0.52,0.02,bad
bd27e1dc-df58-43c4-87c1-8b5e7a98b341,12,120,12,9,0.75,209.5,220.66666666666666,60,54,6,0.5,0.45,0.05,risky
bd523de1-85ee-4f61-9c42-19ea56edc3f5,8,80,16,12,0.75,487.5,506.125,46,32,2,0.575,0.4,0.025,risky
bd72f381-9ca3-409b-a683-bfdd01fcd048,7,70,7,5,0.7142857142857143,728.0,794.4285714285714,40,28,2,0.5714285714285714,0.4,0.02857142857142857,risky
bddcd02d-1d23-4f8c-9df0-0910a8ad49f2,1,10,1,0,0.0,410.0,410.0,4,6,0,0.4,0.6,0.0,unknown_low_controls
bdf42d49-a7db-4fc4-ad32-2ebb0ededc5f,8,40,8,5,0.625,471.5,496.625,20,17,3,0.5,0.425,0.075,bad
be1c1d4c-073f-4e91-a699-c1f939ebd128,7,70,12,9,0.75,115.0,110.42857142857143,19,36,15,0.2714285714285714,0.5142857142857142,0.21428571428571427,risky
be51c632-1f9c-4cad-b617-29b6f5ec51a7,14,131,28,22,0.7857142857142857,237.0,243.2824427480916,77,47,7,0.5877862595419847,0.35877862595419846,0.05343511450381679,risky
be6d84f4-eccb-4818-8ea8-818c236b7e5f,2,20,2,2,1.0,491.5,491.5,7,12,1,0.35,0.6,0.05,unknown_low_controls
be94cc85-2492-4381-acc3-5baa5c8e075b,5,50,10,6,0.6,1167.0,1108.0,30,18,2,0.6,0.36,0.04,bad
beac5a88-ea2b-4e4c-a4ed-116d35f2b666,2,20,2,1,0.5,724.5,724.5,10,10,0,0.5,0.5,0.0,unknown_low_controls
beb5347d-6d16-455b-8acf-56c57eae0578,8,80,16,12,0.75,429.5,441.875,53,24,3,0.6625,0.3,0.0375,risky
bedfe70b-8a53-4375-add2-3e6ae651022d,9,90,9,7,0.7777777777777778,502.0,507.44444444444446,37,44,9,0.4111111111111111,0.4888888888888889,0.1,risky
bf1da0cb-6f75-462f-aa25-c751cb4deccd,7,70,14,10,0.7142857142857143,522.0,553.5714285714286,45,25,0,0.6428571428571429,0.35714285714285715,0.0,risky
bf3269cb-a282-415e-9785-8e87749eaa10,1,10,2,0,0.0,395.0,395.0,6,3,1,0.6,0.3,0.1,unknown_low_controls
bf55c8e6-3ee8-4538-9628-6f9c1a9610ae,3,30,3,1,0.3333333333333333,487.0,677.3333333333334,15,11,4,0.5,0.36666666666666664,0.13333333333333333,unknown_low_controls
bf73be56-2e4d-4523-9509-cb94d9f3ad18,15,150,30,24,0.8,595.0,601.9333333333333,93,53,4,0.62,0.35333333333333333,0.02666666666666667,risky
bf8569a8-2227-432e-b361-593dc9b4f6ff,17,170,34,28,0.8235294117647058,219.0,287.4117647058824,87,78,5,0.5117647058823529,0.4588235294117647,0.029411764705882353,risky
bf87cac3-a85f-4700-afca-df2e243a2b66,13,130,13,10,0.7692307692307693,217.0,216.3846153846154,55,66,9,0.4230769230769231,0.5076923076923077,0.06923076923076923,risky
bffe86bc-a3da-4b6f-883a-26587f652051,3,30,6,2,0.3333333333333333,224.0,249.66666666666666,23,7,0,0.7666666666666667,0.23333333333333334,0.0,bad
c0221aed-6f81-4b8e-812c-8b32609ab1f2,2,20,4,2,0.5,381.5,381.5,14,4,2,0.7,0.2,0.1,unknown_low_controls
c0264109-5d61-4860-ada7-d0b21bc7422f,1,10,2,1,0.5,798.0,798.0,2,8,0,0.2,0.8,0.0,unknown_low_controls
c0286c61-8408-468e-84cf-36e2df505ee3,4,40,8,4,0.5,385.5,401.5,27,9,4,0.675,0.225,0.1,bad
c037dbe1-5635-40fd-b407-680f77d76035,4,40,8,5,0.625,224.5,218.25,26,10,4,0.65,0.25,0.1,bad
c0455e32-8e11-4f28-bfb9-41a5b1358f9f,5,50,5,3,0.6,276.0,311.0,29,17,4,0.58,0.34,0.08,bad
c050eca7-e56c-4bd9-86e1-ffda235ffeca,4,40,7,3,0.42857142857142855,147.5,141.5,20,15,5,0.5,0.375,0.125,bad
c0773e5d-ec97-4925-916f-cb86e475a88e,2,20,4,3,0.75,266.5,266.5,12,7,1,0.6,0.35,0.05,unknown_low_controls
c0edc373-0d07-4ec7-b607-5177b20f6a9f,8,80,16,12,0.75,219.5,229.625,57,16,7,0.7125,0.2,0.0875,risky
c10926a5-1048-47be-9ecc-4318a96ffc2d,2,20,4,2,0.5,1256.5,1256.5,13,7,0,0.65,0.35,0.0,unknown_low_controls
c10f4d12-e61b-49a1-be8e-65a1ed17a676,16,160,32,28,0.875,375.0,384.6875,87,66,7,0.54375,0.4125,0.04375,good
c11f8e65-a32e-4fd7-a15b-427b77fcac9c,38,380,38,31,0.8157894736842105,259.5,308.9736842105263,153,221,6,0.4026315789473684,0.5815789473684211,0.015789473684210527,risky
c1767398-bbcb-475c-9e05-1fc094f4e52d,1,10,2,1,0.5,484.0,484.0,5,5,0,0.5,0.5,0.0,unknown_low_controls
c18c6f07-9144-442c-af98-df45ee508729,31,310,32,27,0.84375,244.0,246.41935483870967,165,132,13,0.532258064516129,0.4258064516129032,0.041935483870967745,risky
c19d28ac-1803-4d11-85d9-9b826eb96379,12,60,12,9,0.75,506.5,520.75,37,21,2,0.6166666666666667,0.35,0.03333333333333333,risky
c1ae0962-4e95-44df-926b-f003f5448dfc,2,20,4,2,0.5,943.5,943.5,14,6,0,0.7,0.3,0.0,unknown_low_controls
c1c154d8-2a2c-4e3d-a245-fbb778037d48,13,130,26,21,0.8076923076923077,335.0,332.46153846153845,45,52,33,0.34615384615384615,0.4,0.25384615384615383,risky
c1c8a5ee-10f6-459a-b8d5-511521645cbb,12,120,24,19,0.7916666666666666,751.0,827.25,62,57,1,0.5166666666666667,0.475,0.008333333333333333,risky
c1dedf5b-a6c7-49ed-83d9-574c6609c809,1,10,2,1,0.5,926.0,926.0,5,4,1,0.5,0.4,0.1,unknown_low_controls
c1f024b9-c88e-437e-941f-26f05f89b3f9,12,120,24,19,0.7916666666666666,262.5,285.6666666666667,63,51,6,0.525,0.425,0.05,risky
c1fd2d4f-1c4d-48de-a439-bba9669b7d18,5,50,10,8,0.8,441.0,431.0,29,18,3,0.58,0.36,0.06,risky
c2385a5d-322a-41eb-b64b-96209b354846,6,60,12,8,0.6666666666666666,505.0,610.1666666666666,37,22,1,0.6166666666666667,0.36666666666666664,0.016666666666666666,risky
c2494500-a1c4-4d74-8d7d-de1bae36d9eb,1,10,2,0,0.0,467.0,467.0,5,5,0,0.5,0.5,0.0,unknown_low_controls
c271f06a-d59a-495f-8cc9-5af777b2bbbd,14,136,16,12,0.75,329.0,449.95588235294116,62,66,8,0.45588235294117646,0.4852941176470588,0.058823529411764705,risky
c285a7c8-9377-4b78-8806-8e2f6418e809,2,20,4,3,0.75,295.0,295.0,10,7,3,0.5,0.35,0.15,unknown_low_controls
c292022b-704d-4dfd-8342-3c75b9b8b7b0,3,30,6,2,0.3333333333333333,780.0,719.6666666666666,21,5,4,0.7,0.16666666666666666,0.13333333333333333,bad
c2a2d1d0-682c-4dc9-92cc-bd56e11fd292,6,60,6,3,0.5,365.5,353.3333333333333,33,26,1,0.55,0.43333333333333335,0.016666666666666666,bad
c2b91d03-d7c1-4a1b-994d-add26d55cc9d,2,20,4,1,0.25,321.0,321.0,10,6,4,0.5,0.3,0.2,unknown_low_controls
c2db5e96-ca1d-4d71-8c22-1af2c7cabbaa,32,320,32,26,0.8125,270.5,308.375,171,141,8,0.534375,0.440625,0.025,risky
c33dedeb-81ca-46b4-8933-b65e42af67b3,7,70,14,9,0.6428571428571429,714.0,692.8571428571429,33,34,3,0.4714285714285714,0.4857142857142857,0.04285714285714286,bad
c376c8b1-5b50-4184-9174-c2cfe2d7bd9a,4,40,8,4,0.5,411.5,412.75,32,8,0,0.8,0.2,0.0,bad
c392e4ea-068a-4c18-b202-0f8a4f608d94,1,10,2,0,0.0,527.0,527.0,5,4,1,0.5,0.4,0.1,unknown_low_controls
c3a332d3-f00b-427b-b1ad-ee47570f149e,2,20,4,1,0.25,1492.0,1492.0,18,2,0,0.9,0.1,0.0,unknown_low_controls
c3bd5e29-904b-478c-9a37-21d3192ee8a3,17,170,20,16,0.8,532.0,579.8823529411765,88,57,25,0.5176470588235295,0.3352941176470588,0.14705882352941177,risky
c3f6fb9a-f8f7-4f86-8456-e808d15d59b1,6,60,12,9,0.75,190.0,205.33333333333334,38,19,3,0.6333333333333333,0.31666666666666665,0.05,risky
c427f345-5207-476f-b5ae-7030e246d95a,7,64,7,4,0.5714285714285714,368.0,391.4375,33,29,2,0.515625,0.453125,0.03125,bad
c45b809b-4966-4628-91b8-a803cd3927c3,3,30,6,4,0.6666666666666666,406.0,432.0,18,11,1,0.6,0.36666666666666664,0.03333333333333333,risky
c46c4919-2cab-48d1-82d6-32f8ac5c7f61,17,170,17,13,0.7647058823529411,181.0,222.41176470588235,81,81,8,0.4764705882352941,0.4764705882352941,0.047058823529411764,risky
c496905b-c45f-428e-9fa7-c0893e04935b,6,60,6,2,0.3333333333333333,268.5,334.3333333333333,26,31,3,0.43333333333333335,0.5166666666666667,0.05,bad
c4994708-22cb-4285-8ce2-dfcd32ef7fcd,1,10,1,0,0.0,251.0,251.0,5,5,0,0.5,0.5,0.0,unknown_low_controls
c4faa466-025d-4619-bbfa-50fc4662ceae,11,110,14,10,0.7142857142857143,304.0,340.6363636363636,62,48,0,0.5636363636363636,0.43636363636363634,0.0,risky
c51c3489-15d5-45d2-b4a7-f20e0d01252c,10,97,20,14,0.7,393.0,353.44329896907215,52,39,6,0.5360824742268041,0.4020618556701031,0.061855670103092786,risky
c5329721-990c-451e-a437-27e2965bc478,5,50,5,1,0.2,279.0,297.2,27,19,4,0.54,0.38,0.08,bad
c5457458-f860-462e-ad0b-a83dde13e2f0,2,20,4,2,0.5,467.0,467.0,12,7,1,0.6,0.35,0.05,unknown_low_controls
c5644fd0-071e-4f78-ab95-ddac89dcb168,16,80,16,12,0.75,126.0,148.25,36,34,10,0.45,0.425,0.125,risky
c56976ae-c9c3-4221-859a-288bef18d228,6,60,12,11,0.9166666666666666,235.0,241.16666666666666,27,26,7,0.45,0.43333333333333335,0.11666666666666667,good
c57462d2-4fc7-469e-86c9-d6b73b1993bb,15,150,15,11,0.7333333333333333,175.0,244.26666666666668,52,87,11,0.3466666666666667,0.58,0.07333333333333333,risky
c57b4a95-1b6a-4158-8e48-a8cde1a798d7,3,30,6,2,0.3333333333333333,337.0,324.3333333333333,25,4,1,0.8333333333333334,0.13333333333333333,0.03333333333333333,bad
c5deda2c-2835-4ac4-9fdf-60ff66acadb8,4,40,4,2,0.5,324.5,341.5,19,17,4,0.475,0.425,0.1,unknown_low_controls
c61c62de-7aa4-4f60-a69e-2341f7e7c860,29,290,31,25,0.8064516129032258,252.0,319.9310344827586,163,103,24,0.5620689655172414,0.35517241379310344,0.08275862068965517,risky
c6377058-e7d8-4aad-b203-60f4ac102906,2,20,4,2,0.5,287.0,287.0,12,8,0,0.6,0.4,0.0,unknown_low_controls
c63c3276-2e49-4848-8546-9125fbda4acc,10,100,20,16,0.8,148.0,162.8,50,46,4,0.5,0.46,0.04,risky
c6ab33fa-251f-476b-b617-2184c6389464,44,440,44,37,0.8409090909090909,391.0,447.59090909090907,198,211,31,0.45,0.47954545454545455,0.07045454545454545,risky
c6d99a6a-0358-4523-82cc-d377f161e77a,27,215,33,27,0.8181818181818182,742.0,877.046511627907,111,93,11,0.5162790697674419,0.4325581395348837,0.05116279069767442,risky
c7024280-8103-4383-b451-5b077a470362,6,60,12,8,0.6666666666666666,590.5,731.3333333333334,32,28,0,0.5333333333333333,0.4666666666666667,0.0,risky
c7506e67-cb2b-450c-9b19-3f0f517e08f3,1,10,2,0,0.0,265.0,265.0,7,3,0,0.7,0.3,0.0,unknown_low_controls
c78f2845-35dd-412a-ac6f-cda2bdac4b17,15,150,17,14,0.8235294117647058,380.0,399.0,81,65,4,0.54,0.43333333333333335,0.02666666666666667,risky
c7c934ee-6d0d-4c25-b123-e22cb673a126,15,146,30,25,0.8333333333333334,522.0,508.6027397260274,80,61,5,0.547945205479452,0.4178082191780822,0.03424657534246575,risky
c7d16119-3006-4490-a6ef-8529f52c1624,9,90,13,9,0.6923076923076923,256.0,304.3333333333333,53,32,5,0.5888888888888889,0.35555555555555557,0.05555555555555555,risky
c7d38da4-a921-4ae7-b66e-e2852ef4f7c3,6,60,12,8,0.6666666666666666,398.0,407.3333333333333,32,23,5,0.5333333333333333,0.38333333333333336,0.08333333333333333,risky
c7e112d7-6cd6-40e7-9db6-2dffd26a3f17,6,60,12,8,0.6666666666666666,999.0,1030.3333333333333,40,17,3,0.6666666666666666,0.2833333333333333,0.05,risky
c80c4459-3d7c-4fb8-ac06-9abefbea5275,20,200,31,24,0.7741935483870968,81.0,197.35,54,137,9,0.27,0.685,0.045,risky
c8130f3f-1b6e-430b-bab1-aa6d6ba425fd,3,15,3,2,0.6666666666666666,143.0,150.33333333333334,8,6,1,0.5333333333333333,0.4,0.06666666666666667,unknown_low_controls
c81a4911-feda-41e7-a1f6-44173f0ec99b,2,20,4,0,0.0,130.5,130.5,18,1,1,0.9,0.05,0.05,unknown_low_controls
c821cdf0-4ee9-4626-8f73-6e2778ab3911,3,30,6,3,0.5,957.0,845.0,28,1,1,0.9333333333333333,0.03333333333333333,0.03333333333333333,bad
c84832bf-94dd-4afd-98a2-742d02796b4e,8,80,16,12,0.75,678.0,696.125,22,38,20,0.275,0.475,0.25,risky
c84de5a4-dbf2-408d-b10c-66aef5d126b4,13,130,26,22,0.8461538461538461,215.0,214.3846153846154,84,44,2,0.6461538461538462,0.3384615384615385,0.015384615384615385,risky
c8b12eb5-bd6f-4b51-95b5-23ff7ab8dbbd,9,90,9,5,0.5555555555555556,250.0,265.44444444444446,48,35,7,0.5333333333333333,0.3888888888888889,0.07777777777777778,bad
c8d1afbd-e68d-42ab-b315-ccb18f7ea565,2,15,2,0,0.0,347.0,360.6666666666667,5,7,3,0.3333333333333333,0.4666666666666667,0.2,unknown_low_controls
c8d47c0a-9709-4678-9007-63715997b2bc,4,40,8,5,0.625,343.0,622.5,17,13,10,0.425,0.325,0.25,bad
c8de4401-4350-4c88-87ca-930478789a5a,5,50,5,2,0.4,686.0,635.4,30,19,1,0.6,0.38,0.02,bad
c8ee73a9-34c4-4e9a-acda-caaf148f6d0b,11,75,11,8,0.7272727272727273,559.0,461.8666666666667,50,25,0,0.6666666666666666,0.3333333333333333,0.0,risky
c90942e0-5de4-49b6-a25e-07fa31c4dd2d,12,120,12,8,0.6666666666666666,337.0,356.5,62,51,7,0.5166666666666667,0.425,0.058333333333333334,risky
c98da666-7de8-43e1-8f59-6f79602e0d5a,11,110,11,7,0.6363636363636364,685.0,721.6363636363636,66,41,3,0.6,0.37272727272727274,0.02727272727272727,bad
c9a7d7bb-d82d-4ece-8403-23747ac6a1f5,5,50,5,3,0.6,1067.0,1125.2,32,17,1,0.64,0.34,0.02,bad
c9d6f42c-fe06-4575-bf02-1e278801418a,3,30,3,0,0.0,1038.0,933.0,24,6,0,0.8,0.2,0.0,unknown_low_controls
c9d78232-5c1f-4889-a589-9f3dc335632c,3,30,3,0,0.0,229.0,465.0,25,4,1,0.8333333333333334,0.13333333333333333,0.03333333333333333,unknown_low_controls
c9dd8710-ef5e-46ce-b996-a31ba9c07641,24,240,25,21,0.84,231.5,272.7083333333333,93,133,14,0.3875,0.5541666666666667,0.058333333333333334,risky
ca67c372-16b4-4f1b-b693-6b35e82c9999,2,20,2,1,0.5,247.0,247.0,12,6,2,0.6,0.3,0.1,unknown_low_controls
ca6dbcbc-1fb2-45a5-b627-b9f129907c5e,7,70,7,4,0.5714285714285714,725.0,718.2857142857143,31,37,2,0.44285714285714284,0.5285714285714286,0.02857142857142857,bad
cacd8243-814f-4871-bd0f-04f8223d3efe,9,90,18,14,0.7777777777777778,286.0,334.6666666666667,55,28,7,0.6111111111111112,0.3111111111111111,0.07777777777777778,risky
caf2fd86-b50c-41dd-99fe-0ead80435039,12,120,24,20,0.8333333333333334,273.5,290.3333333333333,69,44,7,0.575,0.36666666666666664,0.058333333333333334,risky
caf33807-cc4b-4871-bc6d-0f9623102526,3,30,5,1,0.2,233.0,248.66666666666666,20,9,1,0.6666666666666666,0.3,0.03333333333333333,bad
cb6c69aa-a383-4171-854c-9b335a4cf52a,5,50,5,2,0.4,572.0,571.8,30,18,2,0.6,0.36,0.04,bad
cb8ea3f6-0985-42bf-9968-e3823269de89,9,90,9,5,0.5555555555555556,383.0,411.55555555555554,57,28,5,0.6333333333333333,0.3111111111111111,0.05555555555555555,bad
cba281c2-6618-47c4-81f8-bac9feee7bf7,11,55,11,8,0.7272727272727273,93.0,222.0,29,18,8,0.5272727272727272,0.32727272727272727,0.14545454545454545,risky
cba498c2-8a47-4a5c-a53d-ab45180eb13b,12,120,12,8,0.6666666666666666,310.0,351.9166666666667,55,54,11,0.4583333333333333,0.45,0.09166666666666666,risky
cbff740b-7fe2-4a42-b977-12c113a1e614,5,50,5,2,0.4,260.0,256.8,35,13,2,0.7,0.26,0.04,bad
cc289027-2dc2-48f4-9e4e-586e58282590,10,100,20,16,0.8,260.5,409.5,60,38,2,0.6,0.38,0.02,risky
cc787f05-6b26-4798-ad3d-1d780e36936f,5,50,10,6,0.6,407.0,581.6,23,24,3,0.46,0.48,0.06,bad
cd089948-56d5-41c9-885c-ea9f6cfd73ad,13,110,15,11,0.7333333333333333,537.0,507.27272727272725,56,42,12,0.509090909090909,0.38181818181818183,0.10909090909090909,risky
cd5294b1-a5ce-42a2-86df-98dced9b09fa,21,210,21,16,0.7619047619047619,275.0,359.5238095238095,101,101,8,0.48095238095238096,0.48095238095238096,0.0380952380952381,risky
cd60b1f1-c0fc-4418-bce6-ac34e88ea4ac,9,85,10,6,0.6,775.0,722.8823529411765,49,33,3,0.5764705882352941,0.38823529411764707,0.03529411764705882,bad
cd742c5e-19b1-4aa8-82e0-cb0d2d25c8ed,1,10,2,0,0.0,525.0,525.0,8,2,0,0.8,0.2,0.0,unknown_low_controls
cd747941-a181-4ef7-af59-8daabed0e10b,8,80,16,12,0.75,168.5,192.25,43,34,3,0.5375,0.425,0.0375,risky
cda43217-93d8-4169-8ace-45c3a3cf4e0b,13,130,13,9,0.6923076923076923,213.0,219.23076923076923,61,60,9,0.46923076923076923,0.46153846153846156,0.06923076923076923,risky
cdadb27c-a9dd-4d9b-8b84-91aaad0c7af1,5,50,10,6,0.6,846.0,842.8,30,17,3,0.6,0.34,0.06,bad
cdbc8e31-2227-414d-9bf4-f15d13bdc7ec,2,20,4,2,0.5,423.5,423.5,7,12,1,0.35,0.6,0.05,unknown_low_controls
cdc87ae6-e210-4906-b71c-5e5177d07a92,4,40,8,5,0.625,560.5,575.25,23,16,1,0.575,0.4,0.025,bad
cdcbbef9-dea2-49f1-97a0-155a2b2d6a66,5,50,10,6,0.6,469.0,492.2,22,25,3,0.44,0.5,0.06,bad
cdd6451c-faad-441d-bf79-5ca67ea64c91,16,160,16,12,0.75,565.5,583.125,82,69,9,0.5125,0.43125,0.05625,risky
cde35910-ddbe-4c71-96e9-ef1b98910662,4,40,8,6,0.75,778.5,781.25,23,16,1,0.575,0.4,0.025,risky
cde71758-dafe-4388-b485-5645b6194480,4,40,7,3,0.42857142857142855,230.5,225.0,31,7,2,0.775,0.175,0.05,bad
cde85fa6-d550-4f58-af36-e0fe66a0437f,2,20,4,2,0.5,194.0,194.0,16,3,1,0.8,0.15,0.05,unknown_low_controls
cdfed82f-85f6-42f5-b696-41006f4f35ac,23,222,38,31,0.8157894736842105,346.0,427.18468468468467,85,129,8,0.38288288288288286,0.581081081081081,0.036036036036036036,risky
ce3289b6-188e-4a4f-9571-dc064fee6b7f,1,10,1,0,0.0,245.0,245.0,4,6,0,0.4,0.6,0.0,unknown_low_controls
ce41ff39-f43d-470c-9009-b1c648882357,5,50,10,7,0.7,343.0,341.6,36,13,1,0.72,0.26,0.02,risky
ce4aa68e-b693-46f4-b477-e996bef4f0bd,3,30,3,0,0.0,131.0,115.66666666666667,28,2,0,0.9333333333333333,0.06666666666666667,0.0,unknown_low_controls
ce6a77b8-dbcd-4424-bcf8-82d3f0d04393,2,20,2,0,0.0,822.0,822.0,13,7,0,0.65,0.35,0.0,unknown_low_controls
ced5db35-f978-4271-8112-2229c9334057,19,190,19,15,0.7894736842105263,316.0,396.89473684210526,100,80,10,0.5263157894736842,0.42105263157894735,0.05263157894736842,risky
ced8987d-19b2-4a4d-9490-e71586b41d07,2,20,4,1,0.25,408.0,408.0,7,11,2,0.35,0.55,0.1,unknown_low_controls
cf071818-2bba-4a35-873d-9bc75d3ea3a2,2,20,4,2,0.5,358.5,358.5,15,3,2,0.75,0.15,0.1,unknown_low_controls
cf1401c3-0490-49bb-9a16-ffe2333186eb,5,50,10,7,0.7,543.0,499.2,25,22,3,0.5,0.44,0.06,risky
cf75ef0d-645a-4628-98e7-f1e0ed676673,15,150,30,24,0.8,549.0,582.4666666666667,101,43,6,0.6733333333333333,0.2866666666666667,0.04,risky
cf866778-0277-4624-8bda-67c8de162732,2,20,4,2,0.5,150.0,150.0,12,6,2,0.6,0.3,0.1,unknown_low_controls
cfb3b49e-afa1-4f14-b514-f8b0558129d2,19,190,38,32,0.8421052631578947,380.0,388.94736842105266,61,84,45,0.32105263157894737,0.4421052631578947,0.23684210526315788,risky
cfe1e201-1b8b-4e82-a0f1-c8db902ca0c0,4,40,4,3,0.75,581.0,603.25,20,17,3,0.5,0.425,0.075,unknown_low_controls
cfe89865-ccbc-4b02-b996-3bc7035dc1f8,2,20,4,2,0.5,371.0,371.0,11,9,0,0.55,0.45,0.0,unknown_low_controls
cfe921ea-9d0f-42a4-b4ba-cf9bb7d44e86,4,40,8,4,0.5,192.0,231.5,26,13,1,0.65,0.325,0.025,bad
d01e0412-1a05-4a62-8123-4276a37e55e7,8,80,16,12,0.75,826.5,768.5,46,32,2,0.575,0.4,0.025,risky
d03f6d2d-08d3-4166-8047-d5c84c444181,10,97,14,10,0.7142857142857143,382.0,388.58762886597935,52,42,3,0.5360824742268041,0.4329896907216495,0.030927835051546393,risky
d057f758-90fa-44de-bd7b-41a4a2bfe6f6,9,90,12,8,0.6666666666666666,1417.0,1468.7777777777778,44,43,3,0.4888888888888889,0.4777777777777778,0.03333333333333333,risky
d069fc0c-3c77-4af0-8002-9c4d7d0d7ca6,14,140,28,22,0.7857142857142857,265.0,297.5,89,46,5,0.6357142857142857,0.32857142857142857,0.03571428571428571,risky
d08170c6-43aa-4db5-86a5-5e5a13c8de39,3,30,6,3,0.5,326.0,297.0,19,8,3,0.6333333333333333,0.26666666666666666,0.1,bad
d0c50425-d980-4d2f-9420-b14c2e20ab19,4,40,8,4,0.5,361.5,394.75,23,16,1,0.575,0.4,0.025,bad
d0fc4b79-c811-4a25-abd8-ae4ec7c4ba94,7,70,14,10,0.7142857142857143,359.0,697.8571428571429,36,30,4,0.5142857142857142,0.42857142857142855,0.05714285714285714,risky
d106092a-5c22-4837-82f3-0aa6d41a0000,18,180,28,22,0.7857142857142857,409.5,549.8333333333334,101,70,9,0.5611111111111111,0.3888888888888889,0.05,risky
d1445c3c-6288-4eb3-8bbc-f866750b5ab2,5,50,5,3,0.6,364.0,365.0,31,18,1,0.62,0.36,0.02,bad
d151aa0c-2b8c-4c20-83b8-ee82976ebbe2,10,100,10,7,0.7,392.5,423.6,55,41,4,0.55,0.41,0.04,risky
d163e0f2-e317-4e5a-bd79-dd4275e0c81e,2,20,4,3,0.75,30.0,30.0,20,0,0,1.0,0.0,0.0,unknown_low_controls
d16acfae-974d-4540-a4fc-eadba8a774f9,3,30,6,3,0.5,169.0,175.33333333333334,14,15,1,0.4666666666666667,0.5,0.03333333333333333,bad
d1986076-673b-4871-985d-d2799355b302,6,60,12,8,0.6666666666666666,210.5,204.16666666666666,35,20,5,0.5833333333333334,0.3333333333333333,0.08333333333333333,risky
d1a3a5d4-2cb6-49d4-b0d4-be6912b207b3,1,10,2,1,0.5,359.0,359.0,7,3,0,0.7,0.3,0.0,unknown_low_controls
d1de6ee6-ce60-41fd-8e75-72c3e6fb2e7b,7,67,14,9,0.6428571428571429,460.0,455.82089552238807,31,34,2,0.4626865671641791,0.5074626865671642,0.029850746268656716,bad
d22475a9-0780-41d3-99e7-2a5b40312c8f,24,240,48,40,0.8333333333333334,424.5,484.5,127,100,13,0.5291666666666667,0.4166666666666667,0.05416666666666667,risky
d25153a5-2bc2-4b3a-9f04-55c9ec18d450,16,160,32,25,0.78125,312.5,310.8125,76,72,12,0.475,0.45,0.075,risky
d27b9329-5999-472d-9bbf-45d6bee7a3c1,1,10,2,0,0.0,429.0,429.0,6,4,0,0.6,0.4,0.0,unknown_low_controls
d29ebbc3-2a35-4cbe-8c42-790aa5db8f1f,8,80,8,4,0.5,801.0,778.625,47,29,4,0.5875,0.3625,0.05,bad
d2a25daa-6556-4c4a-9920-24c21f4c6e28,7,70,14,9,0.6428571428571429,453.0,418.42857142857144,35,33,2,0.5,0.4714285714285714,0.02857142857142857,bad
d2a45a12-77cf-4fbe-9702-7d07e9a740cf,2,20,4,2,0.5,1154.0,1154.0,12,8,0,0.6,0.4,0.0,unknown_low_controls
d2ab9628-493a-425b-8256-d9e494dea94a,5,25,5,3,0.6,137.0,126.0,11,13,1,0.44,0.52,0.04,bad
d2f52604-5850-46a1-996a-c04c50542875,50,500,51,42,0.8235294117647058,397.0,483.88,254,231,15,0.508,0.462,0.03,risky
d31f1098-a13d-4c52-9a15-5a1446a782c5,19,190,19,15,0.7894736842105263,354.0,430.2105263157895,104,80,6,0.5473684210526316,0.42105263157894735,0.031578947368421054,risky
d33bef53-fa9b-4a71-907f-d64adfda3536,7,70,14,10,0.7142857142857143,529.0,485.0,52,14,4,0.7428571428571429,0.2,0.05714285714285714,risky
d3702098-0206-44c2-8a44-119a1077cdf4,4,40,8,4,0.5,620.5,600.5,22,16,2,0.55,0.4,0.05,bad
d37ad657-4c7f-4ad4-b64e-2cce50f85059,3,30,6,3,0.5,244.0,262.6666666666667,17,12,1,0.5666666666666667,0.4,0.03333333333333333,bad
d37cde05-8189-4b3d-be5f-f3df99a05fc5,9,90,12,9,0.75,406.0,411.22222222222223,45,37,8,0.5,0.4111111111111111,0.08888888888888889,risky
d3c8b19c-53d5-4e22-9e9d-d7a1094a032c,2,20,2,1,0.5,572.0,572.0,13,7,0,0.65,0.35,0.0,unknown_low_controls
d3eb3ad1-ace3-43d5-8b67-dafa640f8598,6,60,12,9,0.75,366.5,423.5,35,17,8,0.5833333333333334,0.2833333333333333,0.13333333333333333,risky
d404e9ed-5881-464c-8aa7-a42366dfe30e,3,30,3,1,0.3333333333333333,24.0,29.0,24,6,0,0.8,0.2,0.0,unknown_low_controls
d420f6af-c2c0-4a7c-bea8-dde486e3396e,3,30,6,5,0.8333333333333334,445.0,399.6666666666667,13,16,1,0.43333333333333335,0.5333333333333333,0.03333333333333333,risky
d4573913-d9e2-49e7-902f-6a60ad401acc,10,50,10,7,0.7,147.0,163.0,30,19,1,0.6,0.38,0.02,risky
d45aaa9a-f7b2-4a21-90fd-3a94a143d6c3,7,70,14,11,0.7857142857142857,240.0,241.0,56,12,2,0.8,0.17142857142857143,0.02857142857142857,risky
d45b01ae-d6da-423d-a6d7-ca7bfbe85cf5,20,200,40,33,0.825,1012.5,976.4,113,83,4,0.565,0.415,0.02,risky
d47007e2-cde9-4ad4-b75f-b0dc1c498df4,4,40,8,4,0.5,571.0,568.0,20,20,0,0.5,0.5,0.0,bad
d48a5db6-ebcd-498a-a80a-4e67531d5c77,7,70,7,4,0.5714285714285714,453.0,508.7142857142857,39,24,7,0.5571428571428572,0.34285714285714286,0.1,bad
d48dad36-08db-4d07-a679-ff89d421ea4f,14,140,28,23,0.8214285714285714,364.0,408.2142857142857,95,40,5,0.6785714285714286,0.2857142857142857,0.03571428571428571,risky
d4dc4091-d71d-4465-8715-bda9cff8dee6,5,50,10,6,0.6,341.0,336.0,36,13,1,0.72,0.26,0.02,bad
d4e81f0c-1e26-4c0f-b3ab-9f1a6087b8b9,6,55,12,10,0.8333333333333334,733.0,630.0909090909091,24,31,0,0.43636363636363634,0.5636363636363636,0.0,risky
d4fd02ed-a28b-415a-ba92-534698a53693,6,60,6,3,0.5,181.5,196.66666666666666,43,14,3,0.7166666666666667,0.23333333333333334,0.05,bad
d5180e70-aaa0-439f-9659-1f2420d5ceaf,14,140,28,24,0.8571428571428571,487.5,705.3571428571429,64,74,2,0.45714285714285713,0.5285714285714286,0.014285714285714285,good
d5289174-1c6a-4265-8ca4-39e8772b89a5,9,90,9,7,0.7777777777777778,459.0,460.22222222222223,48,36,6,0.5333333333333333,0.4,0.06666666666666667,risky
d52957c6-5992-4754-a75f-336190202ce5,3,30,6,3,0.5,515.0,454.6666666666667,21,8,1,0.7,0.26666666666666666,0.03333333333333333,bad
d5841f67-7541-46e7-b1c6-f8beb6df72a0,14,140,14,10,0.7142857142857143,240.5,271.85714285714283,78,57,5,0.5571428571428572,0.40714285714285714,0.03571428571428571,risky
d5b7818a-3ce4-4e43-a660-e27e3ec578df,6,60,12,8,0.6666666666666666,635.5,617.0,38,18,4,0.6333333333333333,0.3,0.06666666666666667,risky
d5cdf360-5d5b-4b9b-a958-d8ace1a9ab1c,6,60,12,8,0.6666666666666666,332.5,309.1666666666667,25,35,0,0.4166666666666667,0.5833333333333334,0.0,risky
d60339ac-54d1-45a7-b3f4-ca2163e22138,3,30,3,1,0.3333333333333333,694.0,737.6666666666666,15,15,0,0.5,0.5,0.0,unknown_low_controls
d60d7d4d-80a9-4e70-9864-82e87eef2f78,11,110,14,10,0.7142857142857143,129.0,136.0909090909091,52,54,4,0.4727272727272727,0.4909090909090909,0.03636363636363636,risky
d62df271-2c6f-4ea7-86d1-5f72fceec17b,1,10,2,1,0.5,460.0,460.0,10,0,0,1.0,0.0,0.0,unknown_low_controls
d655c0c7-1703-431a-81a7-931699313840,4,40,8,4,0.5,732.5,658.25,21,19,0,0.525,0.475,0.0,bad
d6898a94-a671-42a5-bc03-736e5bca65e4,2,20,2,1,0.5,291.5,291.5,13,6,1,0.65,0.3,0.05,unknown_low_controls
d6918f63-8a09-4f11-a3f1-d88533869441,7,70,14,10,0.7142857142857143,320.0,388.42857142857144,56,12,2,0.8,0.17142857142857143,0.02857142857142857,risky
d6a6cefb-b85f-47f2-af38-40a7f7ee9e48,26,260,26,20,0.7692307692307693,340.0,370.2307692307692,96,142,22,0.36923076923076925,0.5461538461538461,0.08461538461538462,risky
d6a7bf81-6f74-424a-9fe9-9e0a25614046,6,60,6,3,0.5,414.0,434.6666666666667,36,21,3,0.6,0.35,0.05,bad
d6e0cec0-3095-4128-8224-e87625d5bbee,4,40,4,1,0.25,314.5,317.25,25,14,1,0.625,0.35,0.025,unknown_low_controls
d6e1cb7c-9335-4a7f-b0c8-f023822358b1,10,100,10,6,0.6,411.0,545.2,54,37,9,0.54,0.37,0.09,bad
d6ee8569-9444-4835-8d84-3a142644a457,5,50,6,4,0.6666666666666666,331.0,392.0,25,24,1,0.5,0.48,0.02,risky
d6f6582a-f9ac-405a-980e-c76b76ca2d08,1,10,2,1,0.5,272.0,272.0,4,5,1,0.4,0.5,0.1,unknown_low_controls
d6ffb94a-9f42-43aa-b605-4481fcf4458b,1,5,1,0,0.0,391.0,391.0,2,3,0,0.4,0.6,0.0,unknown_low_controls
d7024082-fba0-4df3-bd03-ff2f3aeec7b4,2,20,2,1,0.5,266.5,266.5,8,11,1,0.4,0.55,0.05,unknown_low_controls
d71e3d17-4c97-41fb-b082-bd35c28236b6,1,10,2,1,0.5,129.0,129.0,10,0,0,1.0,0.0,0.0,unknown_low_controls
d72130c4-5113-4842-98fe-116892d7085d,10,100,20,16,0.8,232.0,292.4,67,25,8,0.67,0.25,0.08,risky
d745a122-586e-49ce-b046-906963dcbabc,6,60,6,5,0.8333333333333334,344.5,365.6666666666667,33,20,7,0.55,0.3333333333333333,0.11666666666666667,risky
d756e4c5-688c-4eb4-bace-1afee575d8f2,3,30,6,4,0.6666666666666666,594.0,605.6666666666666,14,15,1,0.4666666666666667,0.5,0.03333333333333333,risky
d778a698-2145-4d06-af13-c99a858556da,8,80,8,6,0.75,254.5,262.25,45,28,7,0.5625,0.35,0.0875,risky
d7814bd0-0a10-44d7-8352-2cf875c23f90,1,10,2,0,0.0,1056.0,1056.0,2,8,0,0.2,0.8,0.0,unknown_low_controls
d7857164-bef6-4f50-beb9-06321c000f5f,5,50,8,4,0.5,325.0,326.2,25,20,5,0.5,0.4,0.1,bad
d7b158a4-f097-4ad0-a0ab-e931c12663d5,5,50,10,7,0.7,385.0,434.8,25,13,12,0.5,0.26,0.24,risky
d7cecc68-b195-4bdc-b232-13c7bd252a19,7,70,14,11,0.7857142857142857,481.0,600.5714285714286,43,23,4,0.6142857142857143,0.32857142857142857,0.05714285714285714,risky
d7d3b935-cab0-4b09-9e1f-569946c80640,105,1039,105,93,0.8857142857142857,475.0,497.54090471607316,452,558,29,0.43503368623676614,0.5370548604427334,0.02791145332050048,good
d82db4e0-b35a-40bc-bf65-ff401d640ed8,4,40,4,2,0.5,988.5,1067.25,22,13,5,0.55,0.325,0.125,unknown_low_controls
d833ed92-e19f-4baa-8ed4-652b8a2ef290,2,20,4,1,0.25,307.0,307.0,12,5,3,0.6,0.25,0.15,unknown_low_controls
d85de809-42c4-4783-8c35-a27eca0bf17b,5,50,5,2,0.4,286.0,296.8,23,25,2,0.46,0.5,0.04,bad
d863d04e-3f5e-4acd-ab50-13a7f882ae37,8,80,16,12,0.75,315.0,344.0,36,40,4,0.45,0.5,0.05,risky
d8762bc1-b018-4db2-b05a-0690c82a7839,7,70,7,4,0.5714285714285714,239.0,396.57142857142856,38,30,2,0.5428571428571428,0.42857142857142855,0.02857142857142857,bad
d8a58d0a-e5c8-4d73-8ef9-93145a578644,12,120,12,8,0.6666666666666666,682.5,708.0,66,53,1,0.55,0.44166666666666665,0.008333333333333333,risky
d8f21d21-1366-4601-9f2a-a24926cafc8b,7,70,14,11,0.7857142857142857,193.0,222.28571428571428,31,32,7,0.44285714285714284,0.45714285714285713,0.1,risky
d9190bff-fb81-4872-b4a2-f1d025bec2d5,2,20,4,2,0.5,198.5,198.5,8,11,1,0.4,0.55,0.05,unknown_low_controls
d91eb10a-c2b2-45f7-aad5-d760d28b8e31,12,100,12,8,0.6666666666666666,324.5,331.15,51,40,9,0.51,0.4,0.09,risky
d94250aa-88e4-45a2-ab7e-54b9e25a4bd3,6,60,12,8,0.6666666666666666,411.0,486.1666666666667,33,22,5,0.55,0.36666666666666664,0.08333333333333333,risky
d9784c8f-6764-4d46-a94c-dd9c75830694,4,40,8,4,0.5,411.5,426.5,21,17,2,0.525,0.425,0.05,bad
d97dfc12-0b88-482a-840b-4f8c05aec833,6,60,6,4,0.6666666666666666,336.0,514.0,29,24,7,0.48333333333333334,0.4,0.11666666666666667,risky
d981bb52-3bf7-4c09-9454-ecce932dfcc1,19,190,19,14,0.7368421052631579,276.0,263.36842105263156,80,89,21,0.42105263157894735,0.46842105263157896,0.11052631578947368,risky
d985539c-23b3-47b0-9ea6-5d3d9478bbc6,30,260,30,26,0.8666666666666667,245.0,267.8269230769231,137,112,11,0.5269230769230769,0.4307692307692308,0.04230769230769231,good
d986fce9-c6ea-46f6-8d77-8dcb1108013c,3,30,6,3,0.5,648.0,638.6666666666666,18,11,1,0.6,0.36666666666666664,0.03333333333333333,bad
d997a6ed-79da-4376-ab4e-17e2768eb2cd,5,50,10,6,0.6,543.0,492.6,35,13,2,0.7,0.26,0.04,bad
d9987131-bd7c-4086-8473-74ff6b780d9b,24,239,24,19,0.7916666666666666,551.0,600.8619246861924,118,109,12,0.49372384937238495,0.4560669456066946,0.0502092050209205,risky
d9a00745-41e3-401d-a975-8a2bef0c9edd,7,70,14,10,0.7142857142857143,292.0,302.7142857142857,42,25,3,0.6,0.35714285714285715,0.04285714285714286,risky
d9b038ce-31d3-4515-ae3b-a09b74e9b820,9,90,18,14,0.7777777777777778,352.0,373.8888888888889,48,41,1,0.5333333333333333,0.45555555555555555,0.011111111111111112,risky
d9c3e68f-952a-42e1-af86-1f79c161af6a,1,10,2,1,0.5,202.0,202.0,9,1,0,0.9,0.1,0.0,unknown_low_controls
d9c99994-ffb8-43bd-ae4b-b949953515ad,4,40,4,1,0.25,234.5,242.0,24,15,1,0.6,0.375,0.025,unknown_low_controls
d9cf1e62-6739-4b62-8056-5919e4acddaf,6,60,12,8,0.6666666666666666,56.0,77.33333333333333,3,56,1,0.05,0.9333333333333333,0.016666666666666666,risky
d9d5ac66-db80-4129-b724-ac0974a2bab3,4,40,4,1,0.25,474.0,501.0,32,8,0,0.8,0.2,0.0,unknown_low_controls
d9dceff0-ed28-43ea-879a-bdb7e5565a21,1,10,2,0,0.0,432.0,432.0,6,3,1,0.6,0.3,0.1,unknown_low_controls
d9dfd520-8acc-4507-ac73-793b7ecbb43d,3,30,6,3,0.5,221.0,229.33333333333334,16,13,1,0.5333333333333333,0.43333333333333335,0.03333333333333333,bad
d9fb9225-d2e3-4675-899d-f159a40365cd,4,40,5,3,0.6,438.0,420.0,25,12,3,0.625,0.3,0.075,bad
da0797d5-74b3-420b-b9fe-7b0e31416675,13,130,13,9,0.6923076923076923,325.0,392.84615384615387,59,60,11,0.45384615384615384,0.46153846153846156,0.08461538461538462,risky
da3cd216-9fb4-4f71-880e-977afdc19266,9,90,11,8,0.7272727272727273,316.0,407.44444444444446,55,32,3,0.6111111111111112,0.35555555555555557,0.03333333333333333,risky
da9d8d2e-5520-418e-b85e-1e7e0bab4115,9,90,18,14,0.7777777777777778,484.0,494.6666666666667,46,43,1,0.5111111111111111,0.4777777777777778,0.011111111111111112,risky
db22eb2a-9d11-4270-8cc4-b4c49afe739b,2,20,4,4,1.0,395.5,395.5,7,9,4,0.35,0.45,0.2,unknown_low_controls
db670b83-61a4-48f0-805c-c3bbcb88d4e6,2,20,4,2,0.5,274.0,274.0,9,7,4,0.45,0.35,0.2,unknown_low_controls
db7047f4-dd7a-4e31-81ff-6f7738a0d8b8,7,70,7,3,0.42857142857142855,404.0,403.14285714285717,44,23,3,0.6285714285714286,0.32857142857142857,0.04285714285714286,bad
db8e8bf2-24f6-4536-a098-2b29aed913fd,27,270,27,23,0.8518518518518519,202.0,207.5185185185185,125,126,19,0.46296296296296297,0.4666666666666667,0.07037037037037037,good
dba8ef1b-a3ce-4c61-90fc-7aa5beb89507,14,140,28,23,0.8214285714285714,562.0,610.4285714285714,73,64,3,0.5214285714285715,0.45714285714285713,0.02142857142857143,risky
dbab63dd-b57a-4d71-ad76-def8fcee379d,3,26,6,4,0.6666666666666666,228.0,717.6923076923077,17,9,0,0.6538461538461539,0.34615384615384615,0.0,risky
dbc6f59c-a4d3-475f-8e8b-b1285421fa8a,7,70,7,5,0.7142857142857143,584.0,579.0,44,25,1,0.6285714285714286,0.35714285714285715,0.014285714285714285,risky
dbe283a7-59ae-4cef-9579-2aea1c9bb7c5,2,20,4,2,0.5,564.0,564.0,12,7,1,0.6,0.35,0.05,unknown_low_controls
dbe48b21-2de6-402d-b481-3681d107af9b,2,20,4,3,0.75,194.0,194.0,9,10,1,0.45,0.5,0.05,unknown_low_controls
dbe9b555-3b37-4a4f-b27b-ca55c87263f0,2,20,4,1,0.25,397.0,397.0,15,4,1,0.75,0.2,0.05,unknown_low_controls
dc3b2f55-1540-4fb3-9eb9-b3c9b099592e,19,190,19,15,0.7894736842105263,371.0,411.36842105263156,82,93,15,0.43157894736842106,0.48947368421052634,0.07894736842105263,risky
dc63bdf9-885e-4786-96b4-630b315a94e5,10,100,10,6,0.6,296.5,290.3,60,34,6,0.6,0.34,0.06,bad
dc6ebd83-950c-449d-b5f7-aaa5c2884daf,9,90,18,14,0.7777777777777778,1400.0,1173.888888888889,49,37,4,0.5444444444444444,0.4111111111111111,0.044444444444444446,risky
dc6f0bfd-7676-4456-ab77-38922260f55d,41,205,41,33,0.8048780487804879,142.0,181.6829268292683,102,98,5,0.4975609756097561,0.47804878048780486,0.024390243902439025,risky
dc8265be-8ad6-4b70-881a-942fe7f27a1c,9,90,18,13,0.7222222222222222,724.0,885.3333333333334,57,26,7,0.6333333333333333,0.28888888888888886,0.07777777777777778,risky
dc8583a9-9d60-4f03-b3ee-727b40026120,8,80,16,12,0.75,621.0,745.5,40,36,4,0.5,0.45,0.05,risky
dc881beb-5347-4a5f-aaae-25ad9f57f046,5,50,5,3,0.6,252.0,278.8,33,16,1,0.66,0.32,0.02,bad
dc8cf38e-d1e6-4dd3-b49f-46e8fa5048d6,6,60,6,3,0.5,447.5,451.5,22,35,3,0.36666666666666664,0.5833333333333334,0.05,bad
dca2618b-6650-4feb-a6fc-bd5bf85fff2c,9,90,18,14,0.7777777777777778,996.0,879.5555555555555,43,39,8,0.4777777777777778,0.43333333333333335,0.08888888888888889,risky
dcc0e0c8-4e6c-45a7-ac71-90a445380fc8,1,10,2,0,0.0,270.0,270.0,5,3,2,0.5,0.3,0.2,unknown_low_controls
dcfa1097-ef68-4f5b-a3e1-90a6f471a0d2,7,70,7,5,0.7142857142857143,812.0,910.7142857142857,43,26,1,0.6142857142857143,0.37142857142857144,0.014285714285714285,risky
dcfa4c33-091c-4e95-9a24-aa15f7ba7d1b,4,40,8,6,0.75,133.0,134.0,20,15,5,0.5,0.375,0.125,risky
dd1309ac-306f-4745-916c-a54afbf2ef75,9,90,18,14,0.7777777777777778,264.0,310.8888888888889,61,28,1,0.6777777777777778,0.3111111111111111,0.011111111111111112,risky
dd405cbc-7b9d-4e0c-8363-1b0bc8af6110,2,20,4,1,0.25,554.5,554.5,10,7,3,0.5,0.35,0.15,unknown_low_controls
dd553434-f6ae-4c12-8a4d-7dcc55a311bc,2,20,4,1,0.25,296.5,296.5,15,5,0,0.75,0.25,0.0,unknown_low_controls
dd72a301-28bc-4c2d-93e4-2149fcfaf0ed,4,40,8,5,0.625,487.0,483.0,32,7,1,0.8,0.175,0.025,bad
dd73d434-14ea-4530-a117-b7bd1d3fa751,12,116,13,9,0.6923076923076923,177.0,200.82758620689654,67,46,3,0.5775862068965517,0.39655172413793105,0.02586206896551724,risky
dd91ac54-6614-4979-9328-2487e83ea0ef,1,10,2,1,0.5,384.0,384.0,6,4,0,0.6,0.4,0.0,unknown_low_controls
ddcf9d5e-1829-4fd5-b43e-f32a9ebdf188,1,10,2,0,0.0,363.0,363.0,5,3,2,0.5,0.3,0.2,unknown_low_controls
ddd1bce3-a0f2-4675-bff7-d6b89798edbd,5,50,10,7,0.7,290.0,297.0,32,18,0,0.64,0.36,0.0,risky
dddcbba1-a0ad-4b3f-b990-c1196208f484,7,70,7,3,0.42857142857142855,327.0,335.2857142857143,38,28,4,0.5428571428571428,0.4,0.05714285714285714,bad
dde2e61a-a2e5-4ddd-97f5-4cf9988cf221,7,70,14,10,0.7142857142857143,423.0,569.4285714285714,39,31,0,0.5571428571428572,0.44285714285714284,0.0,risky
ddf3fa66-903f-4a9f-80b2-7d07928ce406,1,10,2,1,0.5,616.0,616.0,7,3,0,0.7,0.3,0.0,unknown_low_controls
de1de8d4-882d-49ee-9169-b121ae2333a5,6,60,12,8,0.6666666666666666,246.5,260.6666666666667,42,15,3,0.7,0.25,0.05,risky
de1f67f9-4dc1-4ae8-b93f-1a24d196e799,10,100,10,6,0.6,83.5,89.6,79,20,1,0.79,0.2,0.01,bad
de5f66e6-0b27-4b14-b19e-73697912815c,7,70,14,9,0.6428571428571429,295.0,568.0,37,31,2,0.5285714285714286,0.44285714285714284,0.02857142857142857,bad
de7b94e2-71f7-4ec3-b2c0-d3d0befefbfd,16,160,32,26,0.8125,369.0,367.125,87,66,7,0.54375,0.4125,0.04375,risky
de88484b-4184-42c3-81e4-5c6a0b045cc4,26,130,26,22,0.8461538461538461,229.0,227.92307692307693,64,64,2,0.49230769230769234,0.49230769230769234,0.015384615384615385,risky
de977de0-647b-4756-b0f5-2f83584e9fa1,6,60,6,3,0.5,244.0,270.6666666666667,41,14,5,0.6833333333333333,0.23333333333333334,0.08333333333333333,bad
deb4ea41-6683-4cb5-9a60-2ccc64f1b344,10,99,10,6,0.6,514.0,564.2525252525253,47,45,7,0.47474747474747475,0.45454545454545453,0.0707070707070707,bad
ded370d9-7b19-4c76-82d8-627d0cff851f,6,60,12,7,0.5833333333333334,232.0,254.0,37,20,3,0.6166666666666667,0.3333333333333333,0.05,bad
ded96bfa-c922-43fe-acb3-7084a3a1900d,3,30,6,2,0.3333333333333333,389.0,409.3333333333333,20,7,3,0.6666666666666666,0.23333333333333334,0.1,bad
defe7483-5840-49df-a31c-5f0cd876ae54,10,100,20,16,0.8,133.5,142.8,61,37,2,0.61,0.37,0.02,risky
df339581-1b20-404e-a99c-f34eac7c979a,14,138,17,13,0.7647058823529411,541.0,531.6086956521739,92,38,8,0.6666666666666666,0.2753623188405797,0.057971014492753624,risky
df59a20f-bf64-47b8-9d70-f6d913de5dc9,3,30,4,2,0.5,428.0,461.3333333333333,16,13,1,0.5333333333333333,0.43333333333333335,0.03333333333333333,unknown_low_controls
dfb84f1a-324c-46a6-9743-ca809c8d19f6,9,90,12,7,0.5833333333333334,717.0,763.1111111111111,62,22,6,0.6888888888888889,0.24444444444444444,0.06666666666666667,bad
dfcc700e-9fa5-4ceb-934f-26cf520740bb,5,50,10,7,0.7,284.0,240.0,28,15,7,0.56,0.3,0.14,risky
dfd4b62f-17cb-4312-aa53-8eb8d4dccac6,4,40,8,5,0.625,253.5,258.25,25,12,3,0.625,0.3,0.075,bad
dfd94399-a750-4737-a95d-b25df6611200,13,130,13,9,0.6923076923076923,372.0,464.7692307692308,64,64,2,0.49230769230769234,0.49230769230769234,0.015384615384615385,risky
e001f1e5-0f41-4f0b-a36f-768493302dc5,2,20,4,2,0.5,241.5,241.5,5,13,2,0.25,0.65,0.1,unknown_low_controls
e01c46fc-5a2e-43d5-ab74-4f92acb1e823,7,70,7,3,0.42857142857142855,904.0,868.4285714285714,36,33,1,0.5142857142857142,0.4714285714285714,0.014285714285714285,bad
e028bc2e-3226-42a1-a1a6-87b8679a00f7,19,190,31,25,0.8064516129032258,228.0,247.31578947368422,107,63,20,0.5631578947368421,0.33157894736842103,0.10526315789473684,risky
e047055c-7f4a-4bd8-ac53-9363912fb95e,6,60,6,4,0.6666666666666666,445.5,501.8333333333333,28,29,3,0.4666666666666667,0.48333333333333334,0.05,risky
e0586cce-67d8-4e35-a04c-a79496efc80f,3,30,3,1,0.3333333333333333,804.0,824.3333333333334,22,8,0,0.7333333333333333,0.26666666666666666,0.0,unknown_low_controls
e07d2910-edcf-4c52-abca-66f6e03139fc,10,100,13,9,0.6923076923076923,224.5,228.1,57,38,5,0.57,0.38,0.05,risky
e082814b-2f55-40b9-b670-c2d51f0e9b13,12,95,14,10,0.7142857142857143,255.0,254.26315789473685,55,38,2,0.5789473684210527,0.4,0.021052631578947368,risky
e0979677-d444-4411-915a-26883bc1affd,9,90,9,6,0.6666666666666666,563.0,835.5555555555555,46,35,9,0.5111111111111111,0.3888888888888889,0.1,risky
e0cbea99-a91a-4b2a-94ed-b976ee2978b9,1,10,2,1,0.5,43.0,43.0,10,0,0,1.0,0.0,0.0,unknown_low_controls
e0d7890d-5a6a-4c62-abd3-543c675b2b9c,3,30,6,4,0.6666666666666666,112.0,117.66666666666667,7,13,10,0.23333333333333334,0.43333333333333335,0.3333333333333333,risky
e0fb7a16-2b79-48bf-8682-ea0d235750df,9,90,12,9,0.75,932.0,971.6666666666666,44,45,1,0.4888888888888889,0.5,0.011111111111111112,risky
e1003abd-a5c8-4607-b864-f4f579e98408,5,50,5,3,0.6,594.0,590.2,32,16,2,0.64,0.32,0.04,bad
e120b519-ee2a-471e-b6bf-2ebe4e097c4c,12,120,12,9,0.75,337.0,350.75,48,61,11,0.4,0.5083333333333333,0.09166666666666666,risky
e12a1ea8-2a25-48af-96ce-d8803204bbdd,10,90,12,8,0.6666666666666666,574.0,554.3888888888889,43,32,15,0.4777777777777778,0.35555555555555557,0.16666666666666666,risky
e13bfc5f-77c3-4b41-bb15-6940359fce4f,18,180,22,18,0.8181818181818182,180.5,187.88888888888889,97,71,12,0.5388888888888889,0.39444444444444443,0.06666666666666667,risky
e14179bb-e8e1-4e0d-9569-659397fcac8d,2,20,4,0,0.0,357.0,357.0,10,8,2,0.5,0.4,0.1,unknown_low_controls
e181a62e-c240-41a4-877b-5a3cd71f23f7,20,200,20,16,0.8,232.0,248.85,114,82,4,0.57,0.41,0.02,risky
e19e4508-85ac-48b3-9009-1587fd76ea81,1,10,2,2,1.0,243.0,243.0,6,4,0,0.6,0.4,0.0,unknown_low_controls
e1c657dc-42d0-46a7-96a8-2d883c1ab01e,8,80,8,4,0.5,384.5,483.625,58,20,2,0.725,0.25,0.025,bad
e1da3816-176e-4394-bb0c-5ab2803ea66e,5,50,10,7,0.7,383.0,397.4,31,18,1,0.62,0.36,0.02,risky
e1e6fd25-1d79-434f-9616-49dc28d66a97,49,490,52,43,0.8269230769230769,383.0,394.85714285714283,206,275,9,0.4204081632653061,0.5612244897959183,0.018367346938775512,risky
e205297d-68c2-4d1a-b263-45fa76a42a4b,2,20,4,1,0.25,379.0,379.0,18,1,1,0.9,0.05,0.05,unknown_low_controls
e24d085c-dd83-404e-9b9f-c863fe78a1a7,17,170,17,13,0.7647058823529411,205.0,213.47058823529412,92,71,7,0.5411764705882353,0.4176470588235294,0.041176470588235294,risky
e25ddc03-5077-4c20-a36b-88e0d7864ea1,2,20,4,1,0.25,114.5,114.5,14,6,0,0.7,0.3,0.0,unknown_low_controls
e28aa8be-bbc7-4b89-8bb0-71531e6071d5,8,80,16,12,0.75,677.5,676.5,33,43,4,0.4125,0.5375,0.05,risky
e29d2532-4b7b-4087-8598-f472b83c49fd,17,170,18,14,0.7777777777777778,264.0,274.2352941176471,104,63,3,0.611764705882353,0.37058823529411766,0.01764705882352941,risky
e2c36264-69df-4698-b92d-697c23e23a4d,2,20,3,1,0.3333333333333333,580.5,580.5,12,8,0,0.6,0.4,0.0,unknown_low_controls
e2e4db53-6aea-49a4-b798-e8cdb2fcf38b,16,160,16,12,0.75,372.0,371.125,57,98,5,0.35625,0.6125,0.03125,risky
e2f036bd-3efa-4f10-8fb7-03730761286e,8,80,8,5,0.625,362.5,459.375,39,34,7,0.4875,0.425,0.0875,bad
e306b847-8f32-4e64-8eda-a16bae7e2061,2,20,4,2,0.5,270.5,270.5,13,6,1,0.65,0.3,0.05,unknown_low_controls
e3163900-5b1e-4a21-aff7-ee735c59e9fe,6,60,12,9,0.75,229.0,236.16666666666666,24,33,3,0.4,0.55,0.05,risky
e3cf1842-4ac9-40ae-9db7-dab5af3b4b49,5,50,10,6,0.6,859.0,917.4,31,17,2,0.62,0.34,0.04,bad
e3ebb6a7-5f4b-4ea9-9aca-97cf3a252a46,14,140,19,15,0.7894736842105263,405.5,441.7857142857143,74,63,3,0.5285714285714286,0.45,0.02142857142857143,risky
e3f39ab5-cb77-49fc-b98f-ab86af691920,23,230,23,19,0.8260869565217391,332.0,341.8695652173913,133,87,10,0.5782608695652174,0.3782608695652174,0.043478260869565216,risky
e3f696d9-814b-43ec-98a6-d9bd130e3fbe,7,70,7,5,0.7142857142857143,201.0,225.28571428571428,37,31,2,0.5285714285714286,0.44285714285714284,0.02857142857142857,risky
e431a0b4-1be7-4345-95de-ea138d62b5e7,4,40,8,5,0.625,46.5,73.5,30,9,1,0.75,0.225,0.025,bad
e439a9d4-e350-4e73-9db0-11e2c6bd84b6,7,70,8,5,0.625,412.0,447.0,32,34,4,0.45714285714285713,0.4857142857142857,0.05714285714285714,bad
e489f5ec-9709-4413-b1ec-1f5301dede01,5,50,5,3,0.6,919.0,976.2,28,22,0,0.56,0.44,0.0,bad
e4d279fb-727b-4c24-8035-22728481d23f,14,140,28,23,0.8214285714285714,240.0,258.64285714285717,67,68,5,0.4785714285714286,0.4857142857142857,0.03571428571428571,risky
e4e026ef-d8af-48a2-8f40-74fd62283160,23,230,24,19,0.7916666666666666,344.0,428.39130434782606,106,108,16,0.4608695652173913,0.46956521739130436,0.06956521739130435,risky
e5265d32-d17d-45e3-8dbe-d9a2c14063cc,4,40,7,4,0.5714285714285714,508.0,581.25,24,15,1,0.6,0.375,0.025,bad
e52d3f78-d253-4512-a423-5b77231d29dc,6,60,12,8,0.6666666666666666,240.0,280.5,36,23,1,0.6,0.38333333333333336,0.016666666666666666,risky
e549b4df-517c-415c-a993-93dcca3096b2,4,40,4,2,0.5,537.0,515.0,23,15,2,0.575,0.375,0.05,unknown_low_controls
e573827a-a5bc-48ae-9010-4ca8adabc0c0,17,170,34,27,0.7941176470588235,246.0,344.47058823529414,95,73,2,0.5588235294117647,0.4294117647058823,0.011764705882352941,risky
e57a33b5-9eeb-46b6-ac70-3b2501a4f361,2,20,4,2,0.5,427.5,427.5,13,7,0,0.65,0.35,0.0,unknown_low_controls
e58f9536-9855-4d2a-b9a9-fdb11f448477,5,38,10,8,0.8,316.0,299.63157894736844,23,12,3,0.6052631578947368,0.3157894736842105,0.07894736842105263,risky
e5a8f3e5-2cd8-4f8b-86b2-38852f4f904b,7,70,7,5,0.7142857142857143,576.0,676.1428571428571,26,39,5,0.37142857142857144,0.5571428571428572,0.07142857142857142,risky
e5ad53d3-3dbc-4152-b9fb-b032e743f7e8,29,290,58,50,0.8620689655172413,138.0,141.82758620689654,183,93,14,0.6310344827586207,0.32068965517241377,0.04827586206896552,good
e6153213-4fe4-4f49-827f-cb3ab30eaee6,3,30,3,2,0.6666666666666666,259.0,292.0,9,19,2,0.3,0.6333333333333333,0.06666666666666667,unknown_low_controls
e626cdbe-d72f-44c0-aa2b-a4f1866ed4dc,3,30,3,1,0.3333333333333333,475.0,432.3333333333333,14,14,2,0.4666666666666667,0.4666666666666667,0.06666666666666667,unknown_low_controls
e627c776-a8f7-4968-b505-bc6cafc42743,16,142,16,12,0.75,349.0,353.943661971831,85,56,1,0.5985915492957746,0.39436619718309857,0.007042253521126761,risky
e64aa1b3-d75e-42a9-95ce-0afdcf926e50,2,20,4,0,0.0,101.5,101.5,19,1,0,0.95,0.05,0.0,unknown_low_controls
e652c8da-f94c-4028-870c-184271f94c87,19,183,20,14,0.7,565.0,645.9781420765028,117,63,3,0.639344262295082,0.3442622950819672,0.01639344262295082,risky
e669cfd5-6c49-49b8-886f-62fe7926a6e5,6,60,12,8,0.6666666666666666,98.5,203.83333333333334,47,12,1,0.7833333333333333,0.2,0.016666666666666666,risky
e66dc022-aa32-4bba-b438-9fb06cb4bb91,11,110,11,8,0.7272727272727273,188.0,185.8181818181818,69,40,1,0.6272727272727273,0.36363636363636365,0.00909090909090909,risky
e6ad40e4-ab2d-48ad-8143-a77b252a2ef3,22,220,44,36,0.8181818181818182,349.0,361.1818181818182,100,107,13,0.45454545454545453,0.4863636363636364,0.05909090909090909,risky
e710dff8-562e-4c5a-b7a0-cfc3a72c9637,17,170,17,13,0.7647058823529411,253.0,237.94117647058823,64,95,11,0.3764705882352941,0.5588235294117647,0.06470588235294118,risky
e71be03e-4924-4ae9-8b94-76af7ed839bc,6,60,6,2,0.3333333333333333,917.0,900.1666666666666,29,26,5,0.48333333333333334,0.43333333333333335,0.08333333333333333,bad
e73da1e6-dccb-4413-bcd8-def90a9a82c1,14,140,22,18,0.8181818181818182,356.5,361.2857142857143,71,62,7,0.5071428571428571,0.44285714285714284,0.05,risky
e7406e3b-90c7-459f-a67c-48a5562b1fbe,11,110,11,9,0.8181818181818182,481.0,581.6363636363636,67,37,6,0.6090909090909091,0.33636363636363636,0.05454545454545454,risky
e77ae23d-ac1a-47c4-87e7-a5cd8be361b9,12,120,16,12,0.75,563.0,647.4166666666666,73,39,8,0.6083333333333333,0.325,0.06666666666666667,risky
e789f000-ed93-4774-89d6-c9c263c38993,6,60,6,3,0.5,237.5,264.8333333333333,34,24,2,0.5666666666666667,0.4,0.03333333333333333,bad
e7a51e52-3574-4f5a-84e7-f197ac56089a,23,188,25,21,0.84,292.0,391.61170212765956,97,82,9,0.5159574468085106,0.43617021276595747,0.047872340425531915,risky
e7c9f083-ab48-4f9b-81cb-728fcc0140db,25,250,50,42,0.84,186.0,196.36,133,112,5,0.532,0.448,0.02,risky
e7e9e331-a9e1-4a7a-b37f-fd1279837283,2,20,2,0,0.0,163.0,163.0,18,0,2,0.9,0.0,0.1,unknown_low_controls
e8584986-e798-4609-a3b7-da2f97685254,1,10,2,1,0.5,603.0,603.0,3,7,0,0.3,0.7,0.0,unknown_low_controls
e88145d2-d2d8-4029-b1f1-91a804e79754,25,125,25,20,0.8,127.0,142.32,60,53,12,0.48,0.424,0.096,risky
e891808a-d12e-48e7-ac7c-88286e4a8663,9,90,9,5,0.5555555555555556,371.0,404.8888888888889,53,34,3,0.5888888888888889,0.37777777777777777,0.03333333333333333,bad
e89433a8-dac4-4af3-919d-bdafbc40d6a9,3,15,3,2,0.6666666666666666,178.0,179.0,8,7,0,0.5333333333333333,0.4666666666666667,0.0,unknown_low_controls
e89cd48e-3aa8-41dc-a03b-801b68635232,11,110,22,18,0.8181818181818182,230.0,255.45454545454547,63,37,10,0.5727272727272728,0.33636363636363636,0.09090909090909091,risky
e8de699c-554f-44e0-ab3a-533378b60a6f,9,90,9,5,0.5555555555555556,442.0,417.44444444444446,50,35,5,0.5555555555555556,0.3888888888888889,0.05555555555555555,bad
e8e59509-8727-4b7d-a1c3-d40622d4a83f,11,110,11,7,0.6363636363636364,303.0,347.54545454545456,81,27,2,0.7363636363636363,0.24545454545454545,0.01818181818181818,bad
e909caff-21dc-42b3-9e61-4e3373c2610d,4,40,4,2,0.5,276.5,288.5,26,14,0,0.65,0.35,0.0,unknown_low_controls
e910fbb0-3c82-4f37-9883-42e833505b2d,8,80,16,12,0.75,370.5,381.0,43,36,1,0.5375,0.45,0.0125,risky
e9392153-2410-4756-b872-19e40a3d2f14,13,130,14,10,0.7142857142857143,282.0,329.38461538461536,61,66,3,0.46923076923076923,0.5076923076923077,0.023076923076923078,risky
e93b20b9-40ac-4f05-aba5-2047e68dd305,12,120,24,19,0.7916666666666666,295.5,334.3333333333333,70,43,7,0.5833333333333334,0.35833333333333334,0.058333333333333334,risky
e9513e49-94cd-4658-8fb5-7c509cf126c6,3,30,4,1,0.25,293.0,337.6666666666667,19,11,0,0.6333333333333333,0.36666666666666664,0.0,unknown_low_controls
e95d1013-bd6e-4eba-94ca-a5b2c745affa,12,120,24,18,0.75,436.0,433.1666666666667,77,39,4,0.6416666666666667,0.325,0.03333333333333333,risky
e95e035a-ff33-4f22-80d8-c2a5ad308b36,8,80,8,5,0.625,493.5,519.75,33,46,1,0.4125,0.575,0.0125,bad
e97c45bd-9f24-429e-b5fe-d2fd51be5074,7,70,7,5,0.7142857142857143,546.0,515.0,28,37,5,0.4,0.5285714285714286,0.07142857142857142,risky
e9a74ea2-ed8f-4637-a9bd-c083f0a57ec3,5,50,10,7,0.7,218.0,216.8,25,20,5,0.5,0.4,0.1,risky
e9c51c50-fcda-469b-be41-ba9696905cd4,2,20,4,1,0.25,340.5,340.5,7,7,6,0.35,0.35,0.3,unknown_low_controls
e9f22a3e-4b1e-4e56-bf32-23d45a9082a7,15,150,15,11,0.7333333333333333,735.0,695.1333333333333,63,77,10,0.42,0.5133333333333333,0.06666666666666667,risky
e9f587a9-e7ff-4c2b-bd44-977746f115d3,5,50,10,6,0.6,420.0,454.6,36,13,1,0.72,0.26,0.02,bad
ea03c358-f9fb-4692-bd98-ba8cdaeeb33e,11,110,11,8,0.7272727272727273,906.0,912.0,54,51,5,0.4909090909090909,0.4636363636363636,0.045454545454545456,risky
ea041394-3411-4f62-86bd-f7c7bb43952e,5,50,10,6,0.6,315.0,390.0,32,17,1,0.64,0.34,0.02,bad
ea081e3a-55ed-4a93-a38d-10a8712694ff,13,130,26,21,0.8076923076923077,720.0,882.6153846153846,70,48,12,0.5384615384615384,0.36923076923076925,0.09230769230769231,risky
ea09df2c-42d5-4ff6-8794-38da72373d67,1,10,2,0,0.0,345.0,345.0,4,5,1,0.4,0.5,0.1,unknown_low_controls
ea26391d-8265-4302-9557-ea31ce531918,2,20,4,1,0.25,375.5,375.5,17,3,0,0.85,0.15,0.0,unknown_low_controls
ea27b9c5-f9cc-4f75-82e6-82da032fa159,3,30,6,3,0.5,754.0,667.0,14,9,7,0.4666666666666667,0.3,0.23333333333333334,bad
ea8443f1-c230-4420-83ba-3ff6178feec0,2,20,4,1,0.25,69.0,69.0,16,4,0,0.8,0.2,0.0,unknown_low_controls
eaa363bf-953a-4e56-ab5e-3c4d0b6c45f4,4,40,8,6,0.75,367.5,365.5,22,17,1,0.55,0.425,0.025,risky
eaaa32fd-8411-4d82-87f9-ec7be7e67381,5,50,10,7,0.7,299.0,320.6,24,22,4,0.48,0.44,0.08,risky
eacb094e-b0df-4633-8108-b7b9f557aa0e,3,30,6,3,0.5,165.0,145.0,14,14,2,0.4666666666666667,0.4666666666666667,0.06666666666666667,bad
ead65a16-e91c-4ae7-9d24-cc24653895be,7,70,7,4,0.5714285714285714,399.0,402.85714285714283,28,39,3,0.4,0.5571428571428572,0.04285714285714286,bad
eae0f937-efa2-4188-ae8b-af29b1d3ca9b,3,30,6,3,0.5,184.0,156.0,26,4,0,0.8666666666666667,0.13333333333333333,0.0,bad
eae600f0-99ac-4ee2-8512-c931505c5809,13,65,13,10,0.7692307692307693,407.0,463.84615384615387,33,28,4,0.5076923076923077,0.4307692307692308,0.06153846153846154,risky
eaef5bbd-6290-4b24-bc54-82df1d851e34,23,115,23,19,0.8260869565217391,440.0,455.69565217391306,51,58,6,0.4434782608695652,0.5043478260869565,0.05217391304347826,risky
eaf102c5-bad9-4cae-b9f5-7c1c2b5f57c9,4,40,8,5,0.625,262.5,271.75,17,13,10,0.425,0.325,0.25,bad
eb13d3dc-7974-4f6e-8c2d-0ee57edf307e,25,125,25,21,0.84,180.0,212.88,48,73,4,0.384,0.584,0.032,risky
eb1ebc26-e639-4b72-9eab-9f37740de0a8,3,30,6,2,0.3333333333333333,403.0,387.0,11,18,1,0.36666666666666664,0.6,0.03333333333333333,bad
eb38a3a9-24f5-4a2b-90ea-ed1c39d4a710,1,10,2,0,0.0,119.0,119.0,8,2,0,0.8,0.2,0.0,unknown_low_controls
eb48e643-b9e5-4542-93e9-0640ab816628,8,80,11,8,0.7272727272727273,345.5,519.875,38,37,5,0.475,0.4625,0.0625,risky
eb5e2d43-02ad-4fee-aa09-1c74854a1ed3,15,150,15,11,0.7333333333333333,366.0,374.93333333333334,74,68,8,0.49333333333333335,0.4533333333333333,0.05333333333333334,risky
eb791048-586f-4577-aa22-b4b7ca514e38,8,80,16,12,0.75,438.5,474.5,42,35,3,0.525,0.4375,0.0375,risky
eb7e472b-3d09-429e-82b3-99adc789b1d5,18,180,36,29,0.8055555555555556,510.5,518.8888888888889,93,80,7,0.5166666666666667,0.4444444444444444,0.03888888888888889,risky
eb80bc36-ab91-43eb-93ae-01ff6960a394,4,40,8,4,0.5,854.0,783.25,27,10,3,0.675,0.25,0.075,bad
eb85b453-5c68-4d41-9b4a-93589e418304,11,110,22,18,0.8181818181818182,318.0,317.27272727272725,52,47,11,0.4727272727272727,0.42727272727272725,0.1,risky
eba585f0-85d3-45b1-a2e9-cba9a194ede1,6,60,12,7,0.5833333333333334,901.0,909.0,41,17,2,0.6833333333333333,0.2833333333333333,0.03333333333333333,bad
ebbc8d4c-f674-4780-b0b6-cd3348f6bf3f,2,20,4,2,0.5,433.0,433.0,8,11,1,0.4,0.55,0.05,unknown_low_controls
ebbdf9db-6326-4232-b3c7-d5820ff7b122,8,80,16,12,0.75,385.0,403.875,34,45,1,0.425,0.5625,0.0125,risky
ec0689aa-1838-4a99-b3c9-ef00c3e78d7c,39,390,41,34,0.8292682926829268,293.0,303.15384615384613,180,195,15,0.46153846153846156,0.5,0.038461538461538464,risky
ec373625-9d95-4d3b-9db8-7e70a24c84c1,18,180,36,31,0.8611111111111112,404.5,422.6666666666667,87,78,15,0.48333333333333334,0.43333333333333335,0.08333333333333333,good
ec418a3a-e6fd-4ace-b916-8bcb18c0118e,2,20,4,2,0.5,374.5,374.5,14,6,0,0.7,0.3,0.0,unknown_low_controls
ec53ba4c-d46d-4fba-a177-5d0e7069cd47,3,30,6,2,0.3333333333333333,800.0,831.3333333333334,17,12,1,0.5666666666666667,0.4,0.03333333333333333,bad
ecd936e5-3476-4960-bcd1-689b4521d2ed,2,20,4,2,0.5,652.5,652.5,12,8,0,0.6,0.4,0.0,unknown_low_controls
ecdf8223-0350-4cdc-ae17-f9ae462ed8ae,4,40,8,5,0.625,320.0,320.5,23,13,4,0.575,0.325,0.1,bad
eceec4d1-107c-4fd5-bf2e-8f0d579447d2,3,30,6,3,0.5,453.0,477.3333333333333,16,13,1,0.5333333333333333,0.43333333333333335,0.03333333333333333,bad
ed190004-d912-4cd4-969e-a84ab7a77cb4,16,105,16,12,0.75,97.0,96.76190476190476,47,53,5,0.44761904761904764,0.5047619047619047,0.047619047619047616,risky
ed2dddfb-f6b7-4758-a738-03a8c67bd75b,11,110,11,7,0.6363636363636364,623.0,651.9090909090909,78,29,3,0.7090909090909091,0.2636363636363636,0.02727272727272727,bad
ed407eea-fad6-4e6c-a136-f9d0a7cc8ed8,4,40,8,6,0.75,226.0,228.5,19,21,0,0.475,0.525,0.0,risky
ed41a020-1275-4956-a23c-369fb196727c,6,30,6,3,0.5,332.5,313.0,18,11,1,0.6,0.36666666666666664,0.03333333333333333,bad
ed4d967e-f6c0-42be-bf0f-f00fa4a43ec9,4,40,4,2,0.5,461.5,439.75,25,13,2,0.625,0.325,0.05,unknown_low_controls
ed51096d-1956-403a-8b42-96166ca9cdef,19,95,19,14,0.7368421052631579,479.0,508.7368421052632,59,32,4,0.6210526315789474,0.3368421052631579,0.042105263157894736,risky
ed6296e6-8c51-41b9-8e57-c935346c9f08,4,40,4,1,0.25,431.5,436.5,24,14,2,0.6,0.35,0.05,unknown_low_controls
ed7f9c27-533c-4106-89ba-3a87d980c61b,1,10,2,1,0.5,146.0,146.0,6,3,1,0.6,0.3,0.1,unknown_low_controls
edb58ecc-19c9-48c7-ab49-71fee02ee7f2,5,50,10,7,0.7,494.0,470.8,37,12,1,0.74,0.24,0.02,risky
eddeef5b-eebc-4a0d-83ac-feefa35ba4d4,9,84,15,11,0.7333333333333333,465.0,664.1428571428571,45,39,0,0.5357142857142857,0.4642857142857143,0.0,risky
ede75798-83af-42c7-9c5f-d31cd983f9f6,9,90,10,7,0.7,291.0,309.44444444444446,47,32,11,0.5222222222222223,0.35555555555555557,0.12222222222222222,risky
eded2f94-e580-4852-a9de-b7e0389a4410,10,100,15,10,0.6666666666666666,438.0,460.9,62,38,0,0.62,0.38,0.0,risky
edf544fb-e52e-4f42-b8be-e50ebc8c8254,5,50,5,2,0.4,409.0,596.6,27,22,1,0.54,0.44,0.02,bad
edfe151b-1567-4cc1-9d6b-4e66e61c948b,2,20,4,1,0.25,722.5,722.5,13,7,0,0.65,0.35,0.0,unknown_low_controls
ee1b9226-b01e-469e-89ff-8d85097fc684,7,70,7,4,0.5714285714285714,429.0,429.0,37,27,6,0.5285714285714286,0.38571428571428573,0.08571428571428572,bad
ee1d533f-a953-44ab-84b4-a45428f2e60e,5,50,10,7,0.7,66.0,81.6,23,26,1,0.46,0.52,0.02,risky
ee435037-5264-4952-9ba0-5ec6dd9abf43,9,87,18,13,0.7222222222222222,160.0,227.5632183908046,68,17,2,0.7816091954022989,0.19540229885057472,0.022988505747126436,risky
ee479a61-5f0d-42de-bc8d-2968418675e4,15,150,15,11,0.7333333333333333,263.0,382.8666666666667,74,68,8,0.49333333333333335,0.4533333333333333,0.05333333333333334,risky
ee64bab6-1358-45f9-aa21-0b9c2fa284b0,26,260,26,21,0.8076923076923077,480.0,583.3461538461538,111,131,18,0.4269230769230769,0.5038461538461538,0.06923076923076923,risky
ee855ea8-8a1c-485c-a979-241d60814ea1,27,135,27,22,0.8148148148148148,324.0,326.9259259259259,70,59,6,0.5185185185185185,0.43703703703703706,0.044444444444444446,risky
ee98bff1-23a8-4c0d-983e-aa7bba3d147c,35,350,35,29,0.8285714285714286,204.0,205.8,166,161,23,0.4742857142857143,0.46,0.06571428571428571,risky
eeb96041-6d8f-45db-b9d6-7e34c67b9680,8,80,16,11,0.6875,835.0,931.125,31,48,1,0.3875,0.6,0.0125,risky
eecd3f61-fb32-4818-a525-9482ccbcc43e,4,40,8,4,0.5,161.5,169.25,21,17,2,0.525,0.425,0.05,bad
ef3d525a-f665-4ad6-bede-d9b85a57cd66,12,120,24,20,0.8333333333333334,130.5,149.75,64,50,6,0.5333333333333333,0.4166666666666667,0.05,risky
ef636725-703c-4374-b4f2-108305a3c75a,2,20,4,1,0.25,776.0,776.0,16,3,1,0.8,0.15,0.05,unknown_low_controls
ef852b8a-e5d2-4e05-8ee3-4fecf1a67f7a,4,40,8,6,0.75,816.5,897.0,23,15,2,0.575,0.375,0.05,risky
efe42cca-9ac9-4c21-8d8c-bef29cdecf61,15,150,15,11,0.7333333333333333,214.0,491.93333333333334,84,59,7,0.56,0.3933333333333333,0.04666666666666667,risky
f0426b05-1e24-40f5-85fe-51a24604c54e,15,90,16,12,0.75,289.5,334.44444444444446,62,27,1,0.6888888888888889,0.3,0.011111111111111112,risky
f04a5c5c-df26-42af-acf0-32557340ff55,15,150,21,16,0.7619047619047619,476.0,577.4666666666667,84,51,15,0.56,0.34,0.1,risky
f0a03c05-145d-434a-8b6c-b4a820e0e8da,3,30,6,3,0.5,251.0,254.0,16,12,2,0.5333333333333333,0.4,0.06666666666666667,bad
f0fd14cc-adc8-4e50-b402-d786807fb829,3,30,3,2,0.6666666666666666,1176.0,1072.3333333333333,8,21,1,0.26666666666666666,0.7,0.03333333333333333,unknown_low_controls
f123d478-0f93-421b-9d38-ce56b73cd78b,12,120,12,9,0.75,215.0,229.91666666666666,63,53,4,0.525,0.44166666666666665,0.03333333333333333,risky
f148b845-ca16-4267-a15c-29fe6ab77edc,7,70,7,4,0.5714285714285714,593.0,585.4285714285714,43,24,3,0.6142857142857143,0.34285714285714286,0.04285714285714286,bad
f161e2df-a0d7-4eaf-9c74-23bfc92c21b6,10,100,20,16,0.8,573.0,623.2,48,48,4,0.48,0.48,0.04,risky
f16d51db-87ab-4998-a1ab-6de18ee28425,6,60,12,8,0.6666666666666666,343.0,326.5,18,37,5,0.3,0.6166666666666667,0.08333333333333333,risky
f16eeba7-cdb3-4ab8-ac92-ea149883792a,2,20,4,1,0.25,429.5,429.5,9,10,1,0.45,0.5,0.05,unknown_low_controls
f1856e9c-1a0c-40f1-809e-a218c6e05d4d,22,220,22,18,0.8181818181818182,474.0,497.1363636363636,87,132,1,0.39545454545454545,0.6,0.004545454545454545,risky
f18b6227-21e5-4cf9-8e9a-be9048b2b590,16,160,18,14,0.7777777777777778,238.0,332.25,86,70,4,0.5375,0.4375,0.025,risky
f1aab781-6b09-4118-8e89-a9ad68896a55,1,10,1,0,0.0,194.0,194.0,8,2,0,0.8,0.2,0.0,unknown_low_controls
f1b06369-9bd6-448b-94c5-89f83832d35f,10,100,20,15,0.75,358.0,411.0,37,54,9,0.37,0.54,0.09,risky
f1b102be-328b-4fdc-b995-f195e2767d93,2,20,4,1,0.25,418.0,418.0,12,8,0,0.6,0.4,0.0,unknown_low_controls
f1b4ddba-d7ab-41bf-be0e-302b57923b1a,3,30,6,3,0.5,824.0,1054.0,19,9,2,0.6333333333333333,0.3,0.06666666666666667,bad
f1e363e3-572f-41d1-b5ea-86c3ef2666a1,8,80,16,12,0.75,194.5,313.625,45,27,8,0.5625,0.3375,0.1,risky
f1e541ca-75ff-4aa5-a842-3d6ccb9eb489,14,136,14,11,0.7857142857142857,308.0,358.54411764705884,78,53,5,0.5735294117647058,0.3897058823529412,0.03676470588235294,risky
f1e63b3d-f6e3-4f0a-a83b-da802bf02faa,10,100,13,11,0.8461538461538461,290.5,308.8,50,46,4,0.5,0.46,0.04,risky
f2116420-3562-4750-a716-05b6c1eb6714,3,30,6,4,0.6666666666666666,282.0,287.6666666666667,19,8,3,0.6333333333333333,0.26666666666666666,0.1,risky
f285bc8b-6fcf-44ed-a0e7-b8c437c7cf81,3,30,3,1,0.3333333333333333,422.0,451.3333333333333,16,14,0,0.5333333333333333,0.4666666666666667,0.0,unknown_low_controls
f2b3bff9-9c6b-49aa-a41d-84e8954db9d0,5,50,8,4,0.5,632.0,550.4,24,24,2,0.48,0.48,0.04,bad
f2b5b574-fc36-46c1-9384-47272a1f5743,21,210,42,35,0.8333333333333334,301.0,358.14285714285717,92,103,15,0.4380952380952381,0.49047619047619045,0.07142857142857142,risky
f3339e14-3373-4321-8cc6-52552fb36fdf,7,70,14,9,0.6428571428571429,753.0,739.7142857142857,52,18,0,0.7428571428571429,0.2571428571428571,0.0,bad
f344dc8c-295c-4215-9115-61617779b67c,2,20,2,0,0.0,558.5,558.5,14,6,0,0.7,0.3,0.0,unknown_low_controls
f346d009-d960-4009-b20b-cd5cbcc45911,10,100,10,7,0.7,567.0,610.4,46,52,2,0.46,0.52,0.02,risky
f35a1195-c7f0-4912-af3a-b231d29bf325,44,440,44,36,0.8181818181818182,830.0,845.1136363636364,251,160,29,0.5704545454545454,0.36363636363636365,0.0659090909090909,risky
f36aa4fd-96ab-4466-8301-8f74f4a1e93d,13,130,13,9,0.6923076923076923,382.0,402.53846153846155,72,48,10,0.5538461538461539,0.36923076923076925,0.07692307692307693,risky
f372b832-8109-474e-9036-e2c692f6474c,2,20,4,2,0.5,522.5,522.5,9,11,0,0.45,0.55,0.0,unknown_low_controls
f38221b3-3cc4-48a1-8c00-dd85584390d9,8,75,8,5,0.625,420.0,383.2,42,32,1,0.56,0.4266666666666667,0.013333333333333334,bad
f38222fa-dc12-4b97-a06a-475a0ff9dd17,1,10,2,0,0.0,21.0,21.0,10,0,0,1.0,0.0,0.0,unknown_low_controls
f38c8516-be72-4599-a1c4-5b690dad4918,4,40,8,3,0.375,271.5,304.25,26,13,1,0.65,0.325,0.025,bad
f41297bf-7406-4cea-8212-930dce629a34,3,30,6,3,0.5,322.0,335.3333333333333,18,12,0,0.6,0.4,0.0,bad
f458d52e-4f66-457b-a6c7-0473be026fdb,1,10,2,0,0.0,112.0,112.0,7,3,0,0.7,0.3,0.0,unknown_low_controls
f46797ca-1ff9-4267-b8f5-eddb9a54d7b5,8,80,16,12,0.75,453.0,470.875,40,31,9,0.5,0.3875,0.1125,risky
f46da440-bf82-4ee7-93c1-5527712931cb,13,130,26,22,0.8461538461538461,532.0,539.1538461538462,72,48,10,0.5538461538461539,0.36923076923076925,0.07692307692307693,risky
f4d260d9-5629-41b4-84b8-f41d2748d6cb,5,50,10,6,0.6,77.0,126.8,22,28,0,0.44,0.56,0.0,bad
f503439a-6585-4e02-a6b0-9b919269bb58,2,20,4,1,0.25,77.5,77.5,15,5,0,0.75,0.25,0.0,unknown_low_controls
f504546d-af6b-4a36-826c-c6241d702863,23,215,23,19,0.8260869565217391,662.0,680.0232558139535,104,98,13,0.48372093023255813,0.4558139534883721,0.06046511627906977,risky
f506c345-5ea3-4915-8889-66a907d445d0,2,20,2,0,0.0,1242.5,1242.5,10,8,2,0.5,0.4,0.1,unknown_low_controls
f524747d-8cc6-438b-8a83-1000071612a6,7,70,14,10,0.7142857142857143,630.0,634.2857142857143,46,22,2,0.6571428571428571,0.3142857142857143,0.02857142857142857,risky
f5472037-93b2-440b-b719-b24cbb4379ee,2,10,2,1,0.5,205.0,205.0,8,2,0,0.8,0.2,0.0,unknown_low_controls
f551bb45-bb9e-4a4a-9947-4382f98a8780,1,10,2,0,0.0,441.0,441.0,6,3,1,0.6,0.3,0.1,unknown_low_controls
f575e99e-2625-4e20-9ff8-447561a975e7,3,30,6,3,0.5,795.0,1055.3333333333333,22,7,1,0.7333333333333333,0.23333333333333334,0.03333333333333333,bad
f58d544a-a107-49aa-a973-8abaeb8aa9c1,3,30,5,3,0.6,318.0,394.6666666666667,21,9,0,0.7,0.3,0.0,bad
f591c637-b7ef-427b-bc20-8a1546161a2a,6,60,12,8,0.6666666666666666,145.0,205.83333333333334,39,21,0,0.65,0.35,0.0,risky
f5cc8839-6f40-4139-8d85-865bddec04c0,12,120,24,19,0.7916666666666666,707.0,772.5833333333334,59,53,8,0.49166666666666664,0.44166666666666665,0.06666666666666667,risky
f5db8444-ca63-47db-9dcc-efe78de8bfea,13,130,13,10,0.7692307692307693,963.0,860.6923076923077,78,47,5,0.6,0.36153846153846153,0.038461538461538464,risky
f5e008fa-8688-495c-a8bf-ef22805b4e9e,5,50,8,4,0.5,305.0,337.6,25,22,3,0.5,0.44,0.06,bad
f5ed3932-0507-441e-803a-af6f0990bf43,6,60,6,4,0.6666666666666666,303.5,662.5,26,31,3,0.43333333333333335,0.5166666666666667,0.05,risky
f62440ee-6364-45ab-a9c8-d5439463055f,6,60,12,7,0.5833333333333334,540.0,570.8333333333334,31,29,0,0.5166666666666667,0.48333333333333334,0.0,bad
f6329b81-a103-4565-8f22-138feb5459e8,1,5,1,0,0.0,375.0,375.0,2,2,1,0.4,0.4,0.2,unknown_low_controls
f6927672-2794-4653-8165-49ef5cca7a66,6,60,12,8,0.6666666666666666,242.5,362.1666666666667,28,31,1,0.4666666666666667,0.5166666666666667,0.016666666666666666,risky
f6a40187-3011-4e44-a5a0-035208e9a2f6,6,55,8,5,0.625,377.0,385.3636363636364,40,15,0,0.7272727272727273,0.2727272727272727,0.0,bad
f6aca111-609f-4395-8d8b-1f900e209dd3,2,10,2,0,0.0,30.5,30.5,6,4,0,0.6,0.4,0.0,unknown_low_controls
f6c76831-de6e-482f-9e84-8d93a26b9e84,2,20,4,3,0.75,605.5,605.5,12,7,1,0.6,0.35,0.05,unknown_low_controls
f6d3f386-cbb0-42b3-8b80-331ea413997e,1,10,2,0,0.0,1182.0,1182.0,4,6,0,0.4,0.6,0.0,unknown_low_controls
f6eb85a8-3aa0-432f-9642-3636140f6c29,9,90,18,14,0.7777777777777778,264.0,270.0,51,35,4,0.5666666666666667,0.3888888888888889,0.044444444444444446,risky
f72400c4-c97d-4ade-80a3-194fbe012fa8,1,10,2,1,0.5,629.0,629.0,6,4,0,0.6,0.4,0.0,unknown_low_controls
f76f77c2-e310-44a7-8f92-2d996110fc77,9,90,10,6,0.6,258.0,244.88888888888889,63,25,2,0.7,0.2777777777777778,0.022222222222222223,bad
f783407c-3dea-4d67-8893-5a875015ec03,3,30,6,2,0.3333333333333333,568.0,511.0,14,13,3,0.4666666666666667,0.43333333333333335,0.1,bad
f7a8820d-4130-45c0-98ca-d7f543af497d,7,70,14,10,0.7142857142857143,273.0,304.7142857142857,32,37,1,0.45714285714285713,0.5285714285714286,0.014285714285714285,risky
f7c1a71b-6bd3-462e-b1db-4f29ba08a7fd,7,70,7,5,0.7142857142857143,511.0,572.0,37,31,2,0.5285714285714286,0.44285714285714284,0.02857142857142857,risky
f7c1fec2-8742-455f-91d3-8206e3282b85,4,40,8,5,0.625,479.0,455.75,29,7,4,0.725,0.175,0.1,bad
f8184040-ef28-4146-a724-a005b2f92e28,4,20,4,2,0.5,216.5,243.25,9,11,0,0.45,0.55,0.0,unknown_low_controls
f8bbf028-1861-4830-8fd3-1aa55d73f142,10,100,10,6,0.6,545.0,576.2,62,34,4,0.62,0.34,0.04,bad
f8bdb448-f88d-4e4e-bfed-7aa196ebc742,5,50,5,2,0.4,603.0,600.8,27,15,8,0.54,0.3,0.16,bad
f8c8cafd-e788-4b80-a29b-e3bd0ed50b80,4,40,8,5,0.625,292.0,338.5,33,6,1,0.825,0.15,0.025,bad
f927cabb-404b-4cca-bc9b-c238a099665d,1,10,2,1,0.5,579.0,579.0,7,2,1,0.7,0.2,0.1,unknown_low_controls
f92bb6da-cd8b-4cbe-af69-4cc1be8fff64,9,90,18,14,0.7777777777777778,602.0,607.7777777777778,43,43,4,0.4777777777777778,0.4777777777777778,0.044444444444444446,risky
f935b007-928d-4ed3-87a0-337421d2575c,3,15,3,1,0.3333333333333333,322.0,380.3333333333333,8,4,3,0.5333333333333333,0.26666666666666666,0.2,unknown_low_controls
f97eda89-5e35-4113-bfd7-a41eed5c32c9,3,30,6,2,0.3333333333333333,62.0,61.666666666666664,25,5,0,0.8333333333333334,0.16666666666666666,0.0,bad
f986e233-ad73-425b-948b-9417329c9cff,2,20,2,1,0.5,491.5,491.5,13,6,1,0.65,0.3,0.05,unknown_low_controls
f99b179f-c7a0-4c15-8937-7125b53aaacc,1,10,2,0,0.0,456.0,456.0,9,1,0,0.9,0.1,0.0,unknown_low_controls
f9fb4120-b0bb-42b8-970c-90a5deee43e8,3,30,5,3,0.6,722.0,812.0,16,13,1,0.5333333333333333,0.43333333333333335,0.03333333333333333,bad
fa092243-7bc6-462a-a616-c9add9b48235,15,150,30,25,0.8333333333333334,487.0,518.4666666666667,90,53,7,0.6,0.35333333333333333,0.04666666666666667,risky
fa24a30b-12c0-42dd-8b06-cf46412cd6b9,1,3,2,0,0.0,85.0,85.0,2,1,0,0.6666666666666666,0.3333333333333333,0.0,unknown_low_controls
fa5ad9de-8dda-484f-ad4d-ef03fed59a50,5,50,5,2,0.4,483.0,490.4,31,18,1,0.62,0.36,0.02,bad
fa5d5a11-0a42-48e8-b97b-b33ef73608f0,4,22,4,1,0.25,308.0,346.6363636363636,11,10,1,0.5,0.45454545454545453,0.045454545454545456,unknown_low_controls
fa712f46-2854-4495-835e-92399062104f,5,50,10,7,0.7,233.0,240.8,24,12,14,0.48,0.24,0.28,risky
fa8b0b4b-8269-4c0a-99e8-9c00ce734e56,3,30,5,2,0.4,269.0,270.0,24,3,3,0.8,0.1,0.1,bad
fa9db3c9-7776-4c7b-ad27-07d6c8e5bf45,1,10,1,0,0.0,235.0,235.0,6,3,1,0.6,0.3,0.1,unknown_low_controls
faa471bd-693c-4798-8e21-df024ae618a7,2,20,4,2,0.5,792.5,792.5,11,7,2,0.55,0.35,0.1,unknown_low_controls
fadecd63-9b1c-4288-a970-73748f63b5ca,12,120,24,19,0.7916666666666666,214.5,246.83333333333334,66,45,9,0.55,0.375,0.075,risky
faf083f2-1f57-4008-bb8e-bb63c2f52c22,8,80,10,7,0.7,286.0,288.5,44,28,8,0.55,0.35,0.1,risky
faf1c53e-c3b2-41fa-b135-2d4161de7b8e,4,40,8,4,0.5,607.5,633.75,30,8,2,0.75,0.2,0.05,bad
fb0189c4-687d-4a0f-8af4-c9e1db6b8395,6,60,6,2,0.3333333333333333,564.5,566.3333333333334,36,18,6,0.6,0.3,0.1,bad
fb248d97-ec8a-4c45-8c01-aa75c8267e83,3,30,6,5,0.8333333333333334,103.0,131.33333333333334,5,24,1,0.16666666666666666,0.8,0.03333333333333333,risky
fb2f50b2-95a5-47a0-9390-16a7f4b80c3f,14,140,14,10,0.7142857142857143,363.0,414.07142857142856,77,55,8,0.55,0.39285714285714285,0.05714285714285714,risky
fb4e0ebe-1b12-4ccb-824c-e5841fa67b87,9,90,18,13,0.7222222222222222,293.0,375.77777777777777,33,47,10,0.36666666666666664,0.5222222222222223,0.1111111111111111,risky
fb6e43e2-117d-4a41-8012-03218c5553f1,28,140,28,23,0.8214285714285714,179.5,180.75,78,49,13,0.5571428571428572,0.35,0.09285714285714286,risky
fb764dab-2f9d-4e00-bfa1-fd250a73107d,2,20,4,2,0.5,317.0,317.0,13,6,1,0.65,0.3,0.05,unknown_low_controls
fb7c6f9e-3ddf-45b7-ba3b-14fa70c308d4,8,80,16,11,0.6875,484.0,499.125,47,33,0,0.5875,0.4125,0.0,risky
fbc1c014-18c2-4a9a-bae5-57a07054b536,14,140,14,10,0.7142857142857143,541.5,622.8571428571429,83,47,10,0.5928571428571429,0.3357142857142857,0.07142857142857142,risky
fbced0f5-b79a-4748-a9d5-2ec0a008490d,7,70,14,10,0.7142857142857143,237.0,264.42857142857144,46,23,1,0.6571428571428571,0.32857142857142857,0.014285714285714285,risky
fbe19549-a033-4bdd-8145-6c1779884896,1,10,2,1,0.5,261.0,261.0,7,3,0,0.7,0.3,0.0,unknown_low_controls
fc09053f-e667-43e5-be52-8ae6e6ee74f8,2,20,4,1,0.25,256.0,256.0,18,2,0,0.9,0.1,0.0,unknown_low_controls
fc3740ec-ffc4-48b3-91d0-adba1bbfb94b,4,40,4,2,0.5,266.5,270.75,18,20,2,0.45,0.5,0.05,unknown_low_controls
fc6c9584-8c0b-4344-b047-0cd94ed99ee1,7,70,8,4,0.5,341.0,327.14285714285717,40,25,5,0.5714285714285714,0.35714285714285715,0.07142857142857142,bad
fc811c10-4045-41ac-a108-f3fccb9f9e76,12,120,12,8,0.6666666666666666,294.0,317.8333333333333,67,49,4,0.5583333333333333,0.4083333333333333,0.03333333333333333,risky
fcb6a2ab-d34a-477d-8e77-69f4416f826b,6,50,6,4,0.6666666666666666,533.0,538.1,29,16,5,0.58,0.32,0.1,risky
fcca42a3-eba8-4673-96f5-137f731c6d22,1,10,2,0,0.0,146.0,146.0,4,5,1,0.4,0.5,0.1,unknown_low_controls
fcdebb8f-55a9-4831-ba89-87188db65124,8,40,8,5,0.625,248.0,255.75,24,13,3,0.6,0.325,0.075,bad
fced8190-40e6-4afc-9b91-f3b4e5c16123,9,85,15,12,0.8,255.0,230.23529411764707,61,24,0,0.7176470588235294,0.2823529411764706,0.0,risky
fd3065bd-ba44-4821-85e8-d50a15e113af,2,20,4,2,0.5,686.0,686.0,12,6,2,0.6,0.3,0.1,unknown_low_controls
fd4317be-2944-4c49-98a2-192186fdb3a4,3,30,6,3,0.5,169.0,469.3333333333333,15,11,4,0.5,0.36666666666666664,0.13333333333333333,bad
fd4ac447-7d96-4d6b-bbe3-e48676d6dfae,8,80,16,12,0.75,351.0,351.5,53,25,2,0.6625,0.3125,0.025,risky
fd4e5e0d-4624-4e69-b6dd-13f2059077f8,2,20,4,3,0.75,426.5,426.5,14,5,1,0.7,0.25,0.05,unknown_low_controls
fd533f22-2a27-4e5f-8cef-7df5d06d5716,2,20,4,1,0.25,223.0,223.0,13,4,3,0.65,0.2,0.15,unknown_low_controls
fd5f5656-9bf6-4ab7-8d2a-b22827f16934,9,90,18,14,0.7777777777777778,188.0,191.0,49,34,7,0.5444444444444444,0.37777777777777777,0.07777777777777778,risky
fd69fff0-e1d8-4d45-9990-8f4db6859dbb,3,30,6,3,0.5,326.0,406.6666666666667,17,12,1,0.5666666666666667,0.4,0.03333333333333333,bad
fd86d1fe-b7cf-41d9-b71b-3699c8c56987,6,60,12,8,0.6666666666666666,532.0,550.6666666666666,35,24,1,0.5833333333333334,0.4,0.016666666666666666,risky
fdc3a5ec-a97a-4093-bfc7-c3bac2ec123b,6,60,12,8,0.6666666666666666,271.5,353.0,28,29,3,0.4666666666666667,0.48333333333333334,0.05,risky
fdc55954-ddcf-4446-b2ae-a3faa31a435e,6,60,12,9,0.75,775.5,789.1666666666666,21,38,1,0.35,0.6333333333333333,0.016666666666666666,risky
fdcafc6b-d505-4a13-b173-2720c8eaee0a,6,60,6,4,0.6666666666666666,220.5,217.0,16,38,6,0.26666666666666666,0.6333333333333333,0.1,risky
fdd14f39-b637-442d-b364-35f1c6fa2c7b,3,30,6,3,0.5,576.0,503.3333333333333,17,11,2,0.5666666666666667,0.36666666666666664,0.06666666666666667,bad
fdd37dca-fb27-4fea-aee6-128261a23730,26,260,26,21,0.8076923076923077,356.0,362.7692307692308,118,138,4,0.45384615384615384,0.5307692307692308,0.015384615384615385,risky
fddc466f-9992-4581-b853-e2d02ba4542b,3,30,6,5,0.8333333333333334,330.0,309.3333333333333,19,9,2,0.6333333333333333,0.3,0.06666666666666667,risky
fde028f6-ed0a-4f40-af05-13e0d14468e6,8,80,8,8,1.0,593.5,579.25,37,32,11,0.4625,0.4,0.1375,good
fdf8bd31-42ba-44dd-869a-c3acaf637be6,3,30,3,3,1.0,164.0,147.66666666666666,14,14,2,0.4666666666666667,0.4666666666666667,0.06666666666666667,unknown_low_controls
fdff4d04-6b5d-460f-9e66-c4a79ef1ecc4,16,80,16,12,0.75,134.5,122.8125,36,38,6,0.45,0.475,0.075,risky
fe09869e-a9d7-4ade-9938-5a6fc42cd59d,8,80,8,5,0.625,567.5,573.375,39,33,8,0.4875,0.4125,0.1,bad
fe0ea9a1-a038-4709-aa89-405087576aa9,6,60,12,9,0.75,596.5,657.3333333333334,41,19,0,0.6833333333333333,0.31666666666666665,0.0,risky
fe0edb73-9719-48db-a18f-39b4ca209b15,6,60,12,8,0.6666666666666666,280.5,324.5,45,12,3,0.75,0.2,0.05,risky
fe4210f4-b493-486f-a23d-9c772c5fd88f,9,90,18,14,0.7777777777777778,517.0,492.6666666666667,54,33,3,0.6,0.36666666666666664,0.03333333333333333,risky
fe52aa3b-be11-43ea-9a6a-aaad4c999286,2,20,4,1,0.25,264.5,264.5,13,2,5,0.65,0.1,0.25,unknown_low_controls
fe993ac9-14e7-45bd-ab52-c2376fb7fc4b,13,130,13,10,0.7692307692307693,370.0,380.0769230769231,73,48,9,0.5615384615384615,0.36923076923076925,0.06923076923076923,risky
fe9cd134-61ef-4539-addd-7afa32926c53,11,110,11,7,0.6363636363636364,601.0,635.2727272727273,76,30,4,0.6909090909090909,0.2727272727272727,0.03636363636363636,bad
fed79ad8-6b3b-4b06-9f1e-f0f8517af49a,28,280,44,36,0.8181818181818182,223.0,230.0,158,106,16,0.5642857142857143,0.37857142857142856,0.05714285714285714,risky
feefe81f-b3ee-4546-b182-e23f0a2e261c,5,50,10,6,0.6,283.0,347.4,29,21,0,0.58,0.42,0.0,bad
fef43113-1733-4595-a29f-cc641db212a3,9,90,18,14,0.7777777777777778,612.0,743.1111111111111,42,42,6,0.4666666666666667,0.4666666666666667,0.06666666666666667,risky
ff085d98-fb62-4940-a1a8-0ab900e1fadd,22,220,25,20,0.8,857.0,925.7727272727273,136,72,12,0.6181818181818182,0.32727272727272727,0.05454545454545454,risky
ff1af0a7-297b-47bb-bfd0-61703542d27e,28,280,28,24,0.8571428571428571,202.0,213.71428571428572,125,136,19,0.44642857142857145,0.4857142857142857,0.06785714285714285,good
ff1c7810-f475-4064-a92e-a13f9308fdce,6,45,9,5,0.5555555555555556,536.0,553.6666666666666,27,17,1,0.6,0.37777777777777777,0.022222222222222223,bad
ff35b275-0890-4a49-90c0-840c058ebe9c,6,60,12,8,0.6666666666666666,284.5,309.1666666666667,36,19,5,0.6,0.31666666666666665,0.08333333333333333,risky
ff46c483-fd55-45b0-842d-00592e9bbcf6,2,20,2,1,0.5,299.0,299.0,11,9,0,0.55,0.45,0.0,unknown_low_controls
ff4b316f-76e6-45a9-961f-3e12dc21214f,1,10,2,0,0.0,355.0,355.0,5,3,2,0.5,0.3,0.2,unknown_low_controls
ff5d97ff-6d10-4fd3-8880-d69f356dd2ee,19,190,19,15,0.7894736842105263,504.0,485.5263157894737,109,77,4,0.5736842105263158,0.4052631578947368,0.021052631578947368,risky
ff7e365e-7270-43fe-8fd3-b5d6d350e325,1,10,2,1,0.5,1130.0,1130.0,6,2,2,0.6,0.2,0.2,unknown_low_controls
ff833a48-1167-4c16-a995-f20680545c50,5,50,10,7,0.7,781.0,745.0,19,27,4,0.38,0.54,0.08,risky
ff8b009b-6636-414b-9384-0424ae6ce7f3,6,60,12,7,0.5833333333333334,363.5,425.6666666666667,35,21,4,0.5833333333333334,0.35,0.06666666666666667,bad
ffc52aa4-bed5-4403-8caa-99f995ba78d8,15,75,15,11,0.7333333333333333,222.0,242.8,36,36,3,0.48,0.48,0.04,risky
ffdeeec9-eea8-41db-9a04-83af330e89a5,5,50,10,7,0.7,418.0,437.4,39,8,3,0.78,0.16,0.06,risky
